Category,Manufacturer,Manuf_disply
BOUILLON(BUN),Arab Danish Industrial Co.,Arab Danish Industrial Co.
BOUILLON(BUN),Arab Food Ind.Co.,Arab Food Ind.Co.
BOUILLON(BUN),Campbell Soup Company,Campbell Soup Company
BOUILLON(BUN),Del Monte Foods,Del Monte Foods
BOUILLON(BUN),Desai Brothers Ltd,Desai Brothers Ltd
BOUILLON(BUN),El Nahda Sweet Factory,El Nahda Sweet Factory
BOUILLON(BUN),Fadloco,Fadloco
BOUILLON(BUN),Faragalla Food Industries,Faragalla Food Industries
BOUILLON(BUN),Freedom Foods Group,Freedom Foods Group
BOUILLON(BUN),Golden Bird Food Industries,Golden Bird Food Industries
BOUILLON(BUN),Jesus Navarro,Jesus Navarro
BOUILLON(BUN),Kafak Trade Agencies Co.(Jordan),Kafak Trade Agencies Co.
BOUILLON(BUN),Kitchen Basics,Kitchen Basics
BOUILLON(BUN),M.Abdulhadi Mills,M.Abdulhadi Mills
BOUILLON(BUN),Nestle,Nestle
BOUILLON(BUN),Others,Others
BOUILLON(BUN),Qualpro Ltd,Qualpro Ltd
BOUILLON(BUN),Super Foods Co,Super Foods Co
BOUILLON(BUN),Total,Total
BOUILLON(BUN),Unilever,Unilever
BOUILLON(BUN),PERTAIA CO,Pertaia Co
BOUILLON(BUN),EGYPTIAN EUROPEAN,Egyptian European
BOUILLONS - FLAVOURINGS,Arab Danish Industrial Co.,Arab Danish Industrial Co.
BOUILLONS - FLAVOURINGS,Arab Food Ind.Co.,Arab Food Ind.Co.
BOUILLONS - FLAVOURINGS,Campbell Soup Company,Campbell Soup Company
BOUILLONS - FLAVOURINGS,Del Monte Foods,Del Monte Foods
BOUILLONS - FLAVOURINGS,Desai Brothers Ltd,Desai Brothers Ltd
BOUILLONS - FLAVOURINGS,El Nahda Sweet Factory,El Nahda Sweet Factory
BOUILLONS - FLAVOURINGS,Fadloco,Fadloco
BOUILLONS - FLAVOURINGS,Faragalla Food Industries,Faragalla Food Industries
BOUILLONS - FLAVOURINGS,Freedom Foods Group,Freedom Foods Group
BOUILLONS - FLAVOURINGS,Golden Bird Food Industries,Golden Bird Food Industries
BOUILLONS - FLAVOURINGS,Jesus Navarro,Jesus Navarro
BOUILLONS - FLAVOURINGS,Kafak Trade Agencies Co.(Jordan),Kafak Trade Agencies Co.
BOUILLONS - FLAVOURINGS,Kitchen Basics,Kitchen Basics
BOUILLONS - FLAVOURINGS,M.Abdulhadi Mills,M.Abdulhadi Mills
BOUILLONS - FLAVOURINGS,Nestle,Nestle
BOUILLONS - FLAVOURINGS,Others,Others
BOUILLONS - FLAVOURINGS,Qualpro Ltd,Qualpro Ltd
BOUILLONS - FLAVOURINGS,Super Foods Co,Super Foods Co
BOUILLONS - FLAVOURINGS,Total,Total
BOUILLONS - FLAVOURINGS,Unilever,Unilever
DEODORANTS(DEO),A.r.e Co,A.R.E Co
DEODORANTS(DEO),Abc International Ltd.,Abc International Ltd.
DEODORANTS(DEO),Ajmals Perfume Manufacturing Ltd,Ajmals Perfume Manufacturing Ltd
DEODORANTS(DEO),Asalet El Maddi Co,Asalet El Maddi Co
DEODORANTS(DEO),Avanor Healthcare Ltd,Avanor Healthcare Ltd
DEODORANTS(DEO),Beiersdorf,Beiersdorf Co
DEODORANTS(DEO),Beiersdorf Co,Beiersdorf Co
DEODORANTS(DEO),Church & Dwight Co,Church & Dwight Co
DEODORANTS(DEO),Church & Dwight Company,Church & Dwight Co
DEODORANTS(DEO),Class Parfums Co,Class Parfums Co
DEODORANTS(DEO),Colgate,Colgate Palmolive
DEODORANTS(DEO),Colgate Palmolive,Colgate Palmolive
DEODORANTS(DEO),Coty,Coty
DEODORANTS(DEO),Coty Inc.,Coty
DEODORANTS(DEO),Disna S.A.,Disna S.A.
DEODORANTS(DEO),Eva,Eva Cosmetics
DEODORANTS(DEO),Grace Cole Ltd,Grace Cole Ltd
DEODORANTS(DEO),Henkel,Henkel Ag & Co. Kgaa
DEODORANTS(DEO),Henkel Ag & Co Kgaa,Henkel Ag & Co. Kgaa
DEODORANTS(DEO),Hunca,Hunca
DEODORANTS(DEO),Laboratoires Svr,Laboratories Svr
DEODORANTS(DEO),Limited Brands Inc,Limited Brands Inc
DEODORANTS(DEO),L Oreal,L'Oreal
DEODORANTS(DEO),L'Oreal,L'Oreal
DEODORANTS(DEO),Louis Widmer,Louis Widmer
DEODORANTS(DEO),Louis Widmer Inc.,Louis Widmer
DEODORANTS(DEO),Lovincare Cosmetics Pvt. Ltd.,Lovincare Cosmetics Pvt. Ltd.
DEODORANTS(DEO),Maurer&Wirtz Parfums Gmbh,Maurer&Wirtz Parfums Gmbh
DEODORANTS(DEO),Maxon,Maxon
DEODORANTS(DEO),Max-On,Maxon
DEODORANTS(DEO),Mirato,Mirato
DEODORANTS(DEO),My Way Co,My Way Co
DEODORANTS(DEO),My Way Group,My Way Group
DEODORANTS(DEO),Natural S.a.r.l.,Natural S.A.R.L.
DEODORANTS(DEO),Others,Others
DEODORANTS(DEO),Parfums Remy Marquis,Parfums Remy Marquis
DEODORANTS(DEO),Pdc Brands,Pdc Brands
DEODORANTS(DEO),Procter & Gamble,Procter & Gamble
DEODORANTS(DEO),Procter&Gamble,Procter & Gamble
DEODORANTS(DEO),Pyramid Cosmetics Egypt,Pyramids Cosmetics
DEODORANTS(DEO),Pyramids Cosmetic Ltd Egypt,Pyramids Cosmetics
DEODORANTS(DEO),Pyramids Cosmetics,Pyramids Cosmetics
DEODORANTS(DEO),Rausch Ag,Rausch Ag
DEODORANTS(DEO),Sadapack Co.,Sadapack Co.
DEODORANTS(DEO),Svr  France,Laboratories Svr
DEODORANTS(DEO),Total,Total
DEODORANTS(DEO),Unilever,Unilever
DEODORANTS(DEO),Uriage Co,Uriage Co
DEODORANTS(DEO),Uzman Cosmetic,Uzman Cosmetic
DEODORANTS(DEO),Vini Cosmetics Pvt.ltd,Vini Cosmetics Pvt.ltd
DEODORANTS(DEO),Wipro Unza Co,Wipro Unza Co
DEODORANTS(DEO),Yardley,Yardley
DEODORANTS,A.r.e Co,A.R.E Co
DEODORANTS,Abc International Ltd.,Abc International Ltd.
DEODORANTS,Ajmals Perfume Manufacturing Ltd,Ajmals Perfume Manufacturing Ltd
DEODORANTS,Asalet El Maddi Co,Asalet El Maddi Co
DEODORANTS,Avanor Healthcare Ltd,Avanor Healthcare Ltd
DEODORANTS,Beiersdorf,Beiersdorf Co
DEODORANTS,Beiersdorf Co,Beiersdorf Co
DEODORANTS,Church & Dwight Co,Church & Dwight Co
DEODORANTS,Church & Dwight Company,Church & Dwight Co
DEODORANTS,Class Parfums Co,Class Parfums Co
DEODORANTS,Colgate,Colgate Palmolive
DEODORANTS,Colgate Palmolive,Colgate Palmolive
DEODORANTS,Coty,Coty
DEODORANTS,Coty Inc.,Coty
DEODORANTS,Disna S.A.,Disna S.A.
DEODORANTS,Eva,Eva Cosmetics
DEODORANTS,Grace Cole Ltd,Grace Cole Ltd
DEODORANTS,Henkel,Henkel Ag & Co. Kgaa
DEODORANTS,Henkel Ag & Co Kgaa,Henkel Ag & Co. Kgaa
DEODORANTS,Hunca,Hunca
DEODORANTS,Laboratoires Svr,Laboratories Svr
DEODORANTS,Limited Brands Inc,Limited Brands Inc
DEODORANTS,L Oreal,L'Oreal
DEODORANTS,L'Oreal,L'Oreal
DEODORANTS,Louis Widmer,Louis Widmer
DEODORANTS,Louis Widmer Inc.,Louis Widmer
DEODORANTS,Lovincare Cosmetics Pvt. Ltd.,Lovincare Cosmetics Pvt. Ltd.
DEODORANTS,Maurer&Wirtz Parfums Gmbh,Maurer&Wirtz Parfums Gmbh
DEODORANTS,Maxon,Maxon
DEODORANTS,Max-On,Maxon
DEODORANTS,Mirato,Mirato
DEODORANTS,My Way Co,My Way Co
DEODORANTS,My Way Group,My Way Group
DEODORANTS,Natural S.a.r.l.,Natural S.A.R.L.
DEODORANTS,Others,Others
DEODORANTS,Parfums Remy Marquis,Parfums Remy Marquis
DEODORANTS,Pdc Brands,Pdc Brands
DEODORANTS,Procter & Gamble,Procter & Gamble
DEODORANTS,Procter&Gamble,Procter & Gamble
DEODORANTS,Pyramid Cosmetics Egypt,Pyramids Cosmetics
DEODORANTS,Pyramids Cosmetic Ltd Egypt,Pyramids Cosmetics
DEODORANTS,Pyramids Cosmetics,Pyramids Cosmetics
DEODORANTS,Rausch Ag,Rausch Ag
DEODORANTS,Sadapack Co.,Sadapack Co.
DEODORANTS,Svr  France,Laboratories Svr
DEODORANTS,Total,Total
DEODORANTS,Unilever,Unilever
DEODORANTS,Uriage Co,Uriage Co
DEODORANTS,Uzman Cosmetic,Uzman Cosmetic
DEODORANTS,Vini Cosmetics Pvt.ltd,Vini Cosmetics Pvt.ltd
DEODORANTS,Wipro Unza Co,Wipro Unza Co
DEODORANTS,Yardley,Yardley
DEODORANT,A.r.e Co,A.R.E Co
DEODORANT,Abc International Ltd.,Abc International Ltd.
DEODORANT,Ajmals Perfume Manufacturing Ltd,Ajmals Perfume Manufacturing Ltd
DEODORANT,Asalet El Maddi Co,Asalet El Maddi Co
DEODORANT,Avanor Healthcare Ltd,Avanor Healthcare Ltd
DEODORANT,Beiersdorf,Beiersdorf Co
DEODORANT,Beiersdorf Co,Beiersdorf Co
DEODORANT,Church & Dwight Co,Church & Dwight Co
DEODORANT,Church & Dwight Company,Church & Dwight Co
DEODORANT,Class Parfums Co,Class Parfums Co
DEODORANT,Colgate,Colgate Palmolive
DEODORANT,Colgate Palmolive,Colgate Palmolive
DEODORANT,Coty,Coty
DEODORANT,Coty Inc.,Coty
DEODORANT,Disna S.A.,Disna S.A.
DEODORANT,Eva,Eva Cosmetics
DEODORANT,Grace Cole Ltd,Grace Cole Ltd
DEODORANT,Henkel,Henkel Ag & Co. Kgaa
DEODORANT,Henkel Ag & Co Kgaa,Henkel Ag & Co. Kgaa
DEODORANT,Hunca,Hunca
DEODORANT,Laboratoires Svr,Laboratories Svr
DEODORANT,Limited Brands Inc,Limited Brands Inc
DEODORANT,L Oreal,L'Oreal
DEODORANT,L'Oreal,L'Oreal
DEODORANT,Louis Widmer,Louis Widmer
DEODORANT,Louis Widmer Inc.,Louis Widmer
DEODORANT,Lovincare Cosmetics Pvt. Ltd.,Lovincare Cosmetics Pvt. Ltd.
DEODORANT,Maurer&Wirtz Parfums Gmbh,Maurer&Wirtz Parfums Gmbh
DEODORANT,Maxon,Maxon
DEODORANT,Max-On,Maxon
DEODORANT,Mirato,Mirato
DEODORANT,My Way Co,My Way Co
DEODORANT,My Way Group,My Way Group
DEODORANT,Natural S.a.r.l.,Natural S.A.R.L.
DEODORANT,Others,Others
DEODORANT,Parfums Remy Marquis,Parfums Remy Marquis
DEODORANT,Pdc Brands,Pdc Brands
DEODORANT,Procter & Gamble,Procter & Gamble
DEODORANT,Procter&Gamble,Procter & Gamble
DEODORANT,Pyramid Cosmetics Egypt,Pyramids Cosmetics
DEODORANT,Pyramids Cosmetic Ltd Egypt,Pyramids Cosmetics
DEODORANT,Pyramids Cosmetics,Pyramids Cosmetics
DEODORANT,Rausch Ag,Rausch Ag
DEODORANT,Sadapack Co.,Sadapack Co.
DEODORANT,Svr  France,Laboratories Svr
DEODORANT,Total,Total
DEODORANT,Unilever,Unilever
DEODORANT,Uriage Co,Uriage Co
DEODORANT,Uzman Cosmetic,Uzman Cosmetic
DEODORANT,Vini Cosmetics Pvt.ltd,Vini Cosmetics Pvt.ltd
DEODORANT,Wipro Unza Co,Wipro Unza Co
DEODORANT,Yardley,Yardley
FABRIC SENSATIONS,Alnajm Al Malaki Gen Tr-llc,Alnajm Al Malaki Gen Tr-llc
FABRIC SENSATIONS,Batterjee Cosmetic Factory (nunu),Batterjee Cosmetic Factory
FABRIC SENSATIONS,Bilesim Kimya Clean Products Ind.tr.ltd.,Bilesim Kimya Clean Products Ind.Tr.Ltd.
FABRIC SENSATIONS,Bio-d Ltd,Bio-d Ltd
FABRIC SENSATIONS,Classic Consumer Products,Classic Consumer Products
FABRIC SENSATIONS,Costco,Costco
FABRIC SENSATIONS,Ditra Sitra,Ditra Sitra
FABRIC SENSATIONS,Endeks Chemistry,Endeks
FABRIC SENSATIONS,Fayfa Chemicals Factory Llc,Fayfa Chemicals Factory Llc
FABRIC SENSATIONS,Henkel Ag & Co Kgaa,Henkel Ag & Co. Kgaa
FABRIC SENSATIONS,Jovae Factory,Jovae Factory
FABRIC SENSATIONS,Kopas Kozmetik Pazarlama Sanayi,Kopas Kozmetik Pazarlama Sanayi
FABRIC SENSATIONS,Madel S.p.a,Madel S.P.A
FABRIC SENSATIONS,Nafkal - National Fertilizer Co.ltd.,Nafkal - National Fertilizer Co.Ltd.
FABRIC SENSATIONS,Natures Organics Pty Ltd.,Natures Organics Pty Ltd.
FABRIC SENSATIONS,Others,Others
FABRIC SENSATIONS,Procter & Gamble,Procter & Gamble
FABRIC SENSATIONS,S C Johnson,S C Johnson
FABRIC SENSATIONS,Sidco(saudi Ind.det),Sidco(saudi Ind.det)
FABRIC SENSATIONS,Total,Total
FABRIC SENSATIONS,Unilever,Unilever
FABRIC SENSATIONS,Viking Cleaning And Cosmetic Inc.,Viking Cleaning And Cosmetic Inc.
FABRIC SENSATIONS,Spinneys,Spinneys
FABRIC SOLUTIONS,Abc Deterjan,Abc Deterjan
FABRIC SOLUTIONS,Adco/abco Group - Alexandria Detergents,Adco/Abco Group - Alexandria Detergents
FABRIC SOLUTIONS,Al Estethmarat,Al Estethmarat
FABRIC SOLUTIONS,Al Hoda Cleaning Ind. Co. Ltd.,Al Hoda Cleaning Ind. Co. Ltd.
FABRIC SOLUTIONS,Al Masrya Al Motaheda Co,Al Masrya Al Motaheda Co
FABRIC SOLUTIONS,Al Motaheda Co,Al Motaheda Co
FABRIC SOLUTIONS,Al Wazir Company,Al Wazir Company
FABRIC SOLUTIONS,Alnajm Al Malaki Gen Tr-llc,Alnajm Al Malaki Gen Tr-llc
FABRIC SOLUTIONS,Alokozay Group,Alokozay Group
FABRIC SOLUTIONS,Alrahden,Alrahden
FABRIC SOLUTIONS,Ama Detergent,Ama Detergent
FABRIC SOLUTIONS,Arma Group,Arma Group
FABRIC SOLUTIONS,Blue Sun,Bluesun
FABRIC SOLUTIONS,Bluesun,Bluesun
FABRIC SOLUTIONS,Bolton Group,Bolton Group
FABRIC SOLUTIONS,Casa Kiriko S.l,Casa Kiriko S.L
FABRIC SOLUTIONS,Church & Dwight Co,Church & Dwight Co
FABRIC SOLUTIONS,Dalli Werke,Dalli Werke
FABRIC SOLUTIONS,Delta Hygiene,Delta Hygiene
FABRIC SOLUTIONS,Disiclin Sa,Disiclin Sa
FABRIC SOLUTIONS,Distra,Distra
FABRIC SOLUTIONS,Ditra Sitra,Ditra Sitra
FABRIC SOLUTIONS,Ditra/citra (al Batha Group),Ditra Sitra
FABRIC SOLUTIONS,Eco Lakah Group,Eco Lakah Group
FABRIC SOLUTIONS,Eeco Co,Eeco Co
FABRIC SOLUTIONS,Ets Tixist Detergent,Ets Tixist Detergent
FABRIC SOLUTIONS,Gharbi Detergents,Gharbi Detergents
FABRIC SOLUTIONS,Groupe Kb,Groupe Kb
FABRIC SOLUTIONS,Groupe Palc Chemical,Groupe Palc Chemical
FABRIC SOLUTIONS,Grupo Ac Marca,Grupo Ac Marca
FABRIC SOLUTIONS,Hayat Group,Hayat Group
FABRIC SOLUTIONS,Henkel,Henkel Ag & Co. Kgaa
FABRIC SOLUTIONS,Henkel Ag & Co Kgaa,Henkel Ag & Co. Kgaa
FABRIC SOLUTIONS,Herma S.a,Herma S.A
FABRIC SOLUTIONS,Iberfrasa S.a.,Iberfrasa S.A.
FABRIC SOLUTIONS,Industria Jabonera Lina S.a.,Industria Jabonera Lina S.A.
FABRIC SOLUTIONS,K-dis Sarl,K-dis Sarl
FABRIC SOLUTIONS,Lessieur Cristal,Lessieur Cristal
FABRIC SOLUTIONS,Madar Co.,Madar Co.
FABRIC SOLUTIONS,Marba International,Marba International
FABRIC SOLUTIONS,Misr For Oils Co,Misr For Oils Co
FABRIC SOLUTIONS,Modern Chemical Industries,Modern Chemical Industries
FABRIC SOLUTIONS,Mpl - Mediterranea De Productos De Limpz,Mpl - Mediterranea De Productos De Limpz
FABRIC SOLUTIONS,My Way Co,My Way Co
FABRIC SOLUTIONS,Nafkal - National Fertilizer Co.ltd.,Nafkal - National Fertilizer Co.Ltd.
FABRIC SOLUTIONS,Nunu Egypt Co,Nunu Egypt Co
FABRIC SOLUTIONS,Oil Tec El Sadat,Oil Tec El Sadat
FABRIC SOLUTIONS,Others,Others
FABRIC SOLUTIONS,P&g,Procter & Gamble
FABRIC SOLUTIONS,Persan,Persan
FABRIC SOLUTIONS,Procter & Gamble,Procter & Gamble
FABRIC SOLUTIONS,Procter & Gamble Co.,Procter & Gamble
FABRIC SOLUTIONS,Reckitt Benckiser,Reckitt Benckiser
FABRIC SOLUTIONS,S C Johnson,S C Johnson
FABRIC SOLUTIONS,Sarl Esquirol,Sarl Esquirol
FABRIC SOLUTIONS,Sidco(saudi Ind.det),Sidco(saudi Ind.det)
FABRIC SOLUTIONS,Soaps & Chemi.ind.,Soaps & Chemi.Ind.
FABRIC SOLUTIONS,Source Chimique,Source Chimique
FABRIC SOLUTIONS,Spa Somdae,Spa Somdae
FABRIC SOLUTIONS,Swania,Swania
FABRIC SOLUTIONS,Tanta Oils Co,Tanta Oils Co
FABRIC SOLUTIONS,The National Detergent Company S.a.oman,The National Detergent Co. S.A.O.G.
FABRIC SOLUTIONS,Total,Total
FABRIC SOLUTIONS,Unilever,Unilever
FABRIC SOLUTIONS,Univers Detergent-gsiph,Univers Detergent-gsiph
FABRIC SOLUTIONS,Alfa Parf Group Spa,Alfa Parf Group Spa
FABRIC SOLUTIONS,Alleghany Pharmacal Corp.,Alleghany Pharmacal Corp.
FABRIC SOLUTIONS,Colgate Palmolive,Colgate Palmolive
FABRIC SOLUTIONS,Dabur India Ltd,Dabur India Ltd
FABRIC SOLUTIONS,E.T. Browne Drug Co,E.T. Browne Drug Company
FABRIC SOLUTIONS,Emami Ltd,Emami Ltd
FABRIC SOLUTIONS,Henkel Ag & Co. Kgaa,Henkel Ag & Co. Kgaa
FABRIC SOLUTIONS,Himalaya Herbals,Himalaya Herbals
FABRIC SOLUTIONS,Johnson & Johnson,Johnson & Johnson
FABRIC SOLUTIONS,Johnson & Johnson Limited,Johnson & Johnson
FABRIC SOLUTIONS,Johnson&Johnson,Johnson & Johnson
FABRIC SOLUTIONS,Klf Oil Industries,Klf Oil Industries
FABRIC SOLUTIONS,L Oreal,L'Oreal
FABRIC SOLUTIONS,L'Oreal,L'Oreal
FABRIC SOLUTIONS,Marico Ltd,Marico Ltd.
FABRIC SOLUTIONS,Nefertary,Nefertary
FABRIC SOLUTIONS,Pettenon Cosmetic,Pettenon Cosmetic
FABRIC SOLUTIONS,Vasu Health Care Ltd India,Vasu Health Care Ltd India
FABRIC SOLUTIONS,Spinneys,Spinneys
TOTAL DETERGENTS,Abc Deterjan,Abc Deterjan
TOTAL DETERGENTS,Adco/abco Group - Alexandria Detergents,Adco/Abco Group - Alexandria Detergents
TOTAL DETERGENTS,Al Estethmarat,Al Estethmarat
TOTAL DETERGENTS,Al Hoda Cleaning Ind. Co. Ltd.,Al Hoda Cleaning Ind. Co. Ltd.
TOTAL DETERGENTS,Al Masrya Al Motaheda Co,Al Masrya Al Motaheda Co
TOTAL DETERGENTS,Al Motaheda Co,Al Motaheda Co
TOTAL DETERGENTS,Al Wazir Company,Al Wazir Company
TOTAL DETERGENTS,Alnajm Al Malaki Gen Tr-llc,Alnajm Al Malaki Gen Tr-llc
TOTAL DETERGENTS,Alokozay Group,Alokozay Group
TOTAL DETERGENTS,Alrahden,Alrahden
TOTAL DETERGENTS,Ama Detergent,Ama Detergent
TOTAL DETERGENTS,Arma Group,Arma Group
TOTAL DETERGENTS,Blue Sun,Bluesun
TOTAL DETERGENTS,Bluesun,Bluesun
TOTAL DETERGENTS,Bolton Group,Bolton Group
TOTAL DETERGENTS,Casa Kiriko S.l,Casa Kiriko S.L
TOTAL DETERGENTS,Church & Dwight Co,Church & Dwight Co
TOTAL DETERGENTS,Dalli Werke,Dalli Werke
TOTAL DETERGENTS,Delta Hygiene,Delta Hygiene
TOTAL DETERGENTS,Disiclin Sa,Disiclin Sa
TOTAL DETERGENTS,Distra,Distra
TOTAL DETERGENTS,Ditra Sitra,Ditra Sitra
TOTAL DETERGENTS,Ditra/citra (al Batha Group),Ditra Sitra
TOTAL DETERGENTS,Eco Lakah Group,Eco Lakah Group
TOTAL DETERGENTS,Eeco Co,Eeco Co
TOTAL DETERGENTS,Ets Tixist Detergent,Ets Tixist Detergent
TOTAL DETERGENTS,Gharbi Detergents,Gharbi Detergents
TOTAL DETERGENTS,Groupe Kb,Groupe Kb
TOTAL DETERGENTS,Groupe Palc Chemical,Groupe Palc Chemical
TOTAL DETERGENTS,Grupo Ac Marca,Grupo Ac Marca
TOTAL DETERGENTS,Hayat Group,Hayat Group
TOTAL DETERGENTS,Henkel,Henkel Ag & Co. Kgaa
TOTAL DETERGENTS,Henkel Ag & Co Kgaa,Henkel Ag & Co. Kgaa
TOTAL DETERGENTS,Herma S.a,Herma S.A
TOTAL DETERGENTS,Iberfrasa S.a.,Iberfrasa S.A.
TOTAL DETERGENTS,Industria Jabonera Lina S.a.,Industria Jabonera Lina S.A.
TOTAL DETERGENTS,K-dis Sarl,K-dis Sarl
TOTAL DETERGENTS,Lessieur Cristal,Lessieur Cristal
TOTAL DETERGENTS,Madar Co.,Madar Co.
TOTAL DETERGENTS,Marba International,Marba International
TOTAL DETERGENTS,Misr For Oils Co,Misr For Oils Co
TOTAL DETERGENTS,Modern Chemical Industries,Modern Chemical Industries
TOTAL DETERGENTS,Mpl - Mediterranea De Productos De Limpz,Mpl - Mediterranea De Productos De Limpz
TOTAL DETERGENTS,My Way Co,My Way Co
TOTAL DETERGENTS,Nafkal - National Fertilizer Co.ltd.,Nafkal - National Fertilizer Co.Ltd.
TOTAL DETERGENTS,Nunu Egypt Co,Nunu Egypt Co
TOTAL DETERGENTS,Oil Tec El Sadat,Oil Tec El Sadat
TOTAL DETERGENTS,Others,Others
TOTAL DETERGENTS,P&g,Procter & Gamble
TOTAL DETERGENTS,Persan,Persan
TOTAL DETERGENTS,Procter & Gamble,Procter & Gamble
TOTAL DETERGENTS,Procter & Gamble Co.,Procter & Gamble
TOTAL DETERGENTS,Reckitt Benckiser,Reckitt Benckiser
TOTAL DETERGENTS,S C Johnson,S C Johnson
TOTAL DETERGENTS,Sarl Esquirol,Sarl Esquirol
TOTAL DETERGENTS,Sidco(saudi Ind.det),Sidco(saudi Ind.det)
TOTAL DETERGENTS,Soaps & Chemi.ind.,Soaps & Chemi.Ind.
TOTAL DETERGENTS,Source Chimique,Source Chimique
TOTAL DETERGENTS,Spa Somdae,Spa Somdae
TOTAL DETERGENTS,Swania,Swania
TOTAL DETERGENTS,Tanta Oils Co,Tanta Oils Co
TOTAL DETERGENTS,The National Detergent Company S.a.oman,The National Detergent Co. S.A.O.G.
TOTAL DETERGENTS,Total,Total
TOTAL DETERGENTS,Unilever,Unilever
TOTAL DETERGENTS,Univers Detergent-gsiph,Univers Detergent-gsiph
TOTAL DETERGENTS,Alfa Parf Group Spa,Alfa Parf Group Spa
TOTAL DETERGENTS,Alleghany Pharmacal Corp.,Alleghany Pharmacal Corp.
TOTAL DETERGENTS,Colgate Palmolive,Colgate Palmolive
TOTAL DETERGENTS,Dabur India Ltd,Dabur India Ltd
TOTAL DETERGENTS,E.T. Browne Drug Co,E.T. Browne Drug Company
TOTAL DETERGENTS,Emami Ltd,Emami Ltd
TOTAL DETERGENTS,Henkel Ag & Co. Kgaa,Henkel Ag & Co. Kgaa
TOTAL DETERGENTS,Himalaya Herbals,Himalaya Herbals
TOTAL DETERGENTS,Johnson & Johnson,Johnson & Johnson
TOTAL DETERGENTS,Johnson & Johnson Limited,Johnson & Johnson
TOTAL DETERGENTS,Johnson&Johnson,Johnson & Johnson
TOTAL DETERGENTS,Klf Oil Industries,Klf Oil Industries
TOTAL DETERGENTS,L Oreal,L'Oreal
TOTAL DETERGENTS,L'Oreal,L'Oreal
TOTAL DETERGENTS,Marico Ltd,Marico Ltd.
TOTAL DETERGENTS,Nefertary,Nefertary
TOTAL DETERGENTS,Pettenon Cosmetic,Pettenon Cosmetic
TOTAL DETERGENTS,Vasu Health Care Ltd India,Vasu Health Care Ltd India
TOTAL DETERGENTS,Spinneys,Spinneys
DETERGENTS,Abc Deterjan,Abc Deterjan
DETERGENTS,Adco/abco Group - Alexandria Detergents,Adco/Abco Group - Alexandria Detergents
DETERGENTS,Al Estethmarat,Al Estethmarat
DETERGENTS,Al Hoda Cleaning Ind. Co. Ltd.,Al Hoda Cleaning Ind. Co. Ltd.
DETERGENTS,Al Masrya Al Motaheda Co,Al Masrya Al Motaheda Co
DETERGENTS,Al Motaheda Co,Al Motaheda Co
DETERGENTS,Al Wazir Company,Al Wazir Company
DETERGENTS,Alnajm Al Malaki Gen Tr-llc,Alnajm Al Malaki Gen Tr-llc
DETERGENTS,Alokozay Group,Alokozay Group
DETERGENTS,Alrahden,Alrahden
DETERGENTS,Ama Detergent,Ama Detergent
DETERGENTS,Arma Group,Arma Group
DETERGENTS,Blue Sun,Bluesun
DETERGENTS,Bluesun,Bluesun
DETERGENTS,Bolton Group,Bolton Group
DETERGENTS,Casa Kiriko S.l,Casa Kiriko S.L
DETERGENTS,Church & Dwight Co,Church & Dwight Co
DETERGENTS,Dalli Werke,Dalli Werke
DETERGENTS,Delta Hygiene,Delta Hygiene
DETERGENTS,Disiclin Sa,Disiclin Sa
DETERGENTS,Distra,Distra
DETERGENTS,Ditra Sitra,Ditra Sitra
DETERGENTS,Ditra/citra (al Batha Group),Ditra Sitra
DETERGENTS,Eco Lakah Group,Eco Lakah Group
DETERGENTS,Eeco Co,Eeco Co
DETERGENTS,Ets Tixist Detergent,Ets Tixist Detergent
DETERGENTS,Gharbi Detergents,Gharbi Detergents
DETERGENTS,Groupe Kb,Groupe Kb
DETERGENTS,Groupe Palc Chemical,Groupe Palc Chemical
DETERGENTS,Grupo Ac Marca,Grupo Ac Marca
DETERGENTS,Hayat Group,Hayat Group
DETERGENTS,Henkel,Henkel Ag & Co. Kgaa
DETERGENTS,Henkel Ag & Co Kgaa,Henkel Ag & Co. Kgaa
DETERGENTS,Herma S.a,Herma S.A
DETERGENTS,Iberfrasa S.a.,Iberfrasa S.A.
DETERGENTS,Industria Jabonera Lina S.a.,Industria Jabonera Lina S.A.
DETERGENTS,K-dis Sarl,K-dis Sarl
DETERGENTS,Lessieur Cristal,Lessieur Cristal
DETERGENTS,Madar Co.,Madar Co.
DETERGENTS,Marba International,Marba International
DETERGENTS,Misr For Oils Co,Misr For Oils Co
DETERGENTS,Modern Chemical Industries,Modern Chemical Industries
DETERGENTS,Mpl - Mediterranea De Productos De Limpz,Mpl - Mediterranea De Productos De Limpz
DETERGENTS,My Way Co,My Way Co
DETERGENTS,Nafkal - National Fertilizer Co.ltd.,Nafkal - National Fertilizer Co.Ltd.
DETERGENTS,Nunu Egypt Co,Nunu Egypt Co
DETERGENTS,Oil Tec El Sadat,Oil Tec El Sadat
DETERGENTS,Others,Others
DETERGENTS,P&g,Procter & Gamble
DETERGENTS,Persan,Persan
DETERGENTS,Procter & Gamble,Procter & Gamble
DETERGENTS,Procter & Gamble Co.,Procter & Gamble
DETERGENTS,Reckitt Benckiser,Reckitt Benckiser
DETERGENTS,S C Johnson,S C Johnson
DETERGENTS,Sarl Esquirol,Sarl Esquirol
DETERGENTS,Sidco(saudi Ind.det),Sidco(saudi Ind.det)
DETERGENTS,Soaps & Chemi.ind.,Soaps & Chemi.Ind.
DETERGENTS,Source Chimique,Source Chimique
DETERGENTS,Spa Somdae,Spa Somdae
DETERGENTS,Swania,Swania
DETERGENTS,Tanta Oils Co,Tanta Oils Co
DETERGENTS,The National Detergent Company S.a.oman,The National Detergent Co. S.A.O.G.
DETERGENTS,Total,Total
DETERGENTS,Unilever,Unilever
DETERGENTS,Univers Detergent-gsiph,Univers Detergent-gsiph
DETERGENTS,Alfa Parf Group Spa,Alfa Parf Group Spa
DETERGENTS,Alleghany Pharmacal Corp.,Alleghany Pharmacal Corp.
DETERGENTS,Colgate Palmolive,Colgate Palmolive
DETERGENTS,Dabur India Ltd,Dabur India Ltd
DETERGENTS,E.T. Browne Drug Co,E.T. Browne Drug Company
DETERGENTS,Emami Ltd,Emami Ltd
DETERGENTS,Henkel Ag & Co. Kgaa,Henkel Ag & Co. Kgaa
DETERGENTS,Himalaya Herbals,Himalaya Herbals
DETERGENTS,Johnson & Johnson,Johnson & Johnson
DETERGENTS,Johnson & Johnson Limited,Johnson & Johnson
DETERGENTS,Johnson&Johnson,Johnson & Johnson
DETERGENTS,Klf Oil Industries,Klf Oil Industries
DETERGENTS,L Oreal,L'Oreal
DETERGENTS,L'Oreal,L'Oreal
DETERGENTS,Marico Ltd,Marico Ltd.
DETERGENTS,Nefertary,Nefertary
DETERGENTS,Pettenon Cosmetic,Pettenon Cosmetic
DETERGENTS,Vasu Health Care Ltd India,Vasu Health Care Ltd India
DETERGENTS,Spinneys,Spinneys
TOTAL FABRIC SOLUTIONS,Abc Deterjan,Abc Deterjan
TOTAL FABRIC SOLUTIONS,Adco/abco Group - Alexandria Detergents,Adco/Abco Group - Alexandria Detergents
TOTAL FABRIC SOLUTIONS,Al Estethmarat,Al Estethmarat
TOTAL FABRIC SOLUTIONS,Al Hoda Cleaning Ind. Co. Ltd.,Al Hoda Cleaning Ind. Co. Ltd.
TOTAL FABRIC SOLUTIONS,Al Masrya Al Motaheda Co,Al Masrya Al Motaheda Co
TOTAL FABRIC SOLUTIONS,Al Motaheda Co,Al Motaheda Co
TOTAL FABRIC SOLUTIONS,Al Wazir Company,Al Wazir Company
TOTAL FABRIC SOLUTIONS,Alnajm Al Malaki Gen Tr-llc,Alnajm Al Malaki Gen Tr-llc
TOTAL FABRIC SOLUTIONS,Alokozay Group,Alokozay Group
TOTAL FABRIC SOLUTIONS,Alrahden,Alrahden
TOTAL FABRIC SOLUTIONS,Ama Detergent,Ama Detergent
TOTAL FABRIC SOLUTIONS,Arma Group,Arma Group
TOTAL FABRIC SOLUTIONS,Blue Sun,Bluesun
TOTAL FABRIC SOLUTIONS,Bluesun,Bluesun
TOTAL FABRIC SOLUTIONS,Bolton Group,Bolton Group
TOTAL FABRIC SOLUTIONS,Casa Kiriko S.l,Casa Kiriko S.L
TOTAL FABRIC SOLUTIONS,Church & Dwight Co,Church & Dwight Co
TOTAL FABRIC SOLUTIONS,Dalli Werke,Dalli Werke
TOTAL FABRIC SOLUTIONS,Delta Hygiene,Delta Hygiene
TOTAL FABRIC SOLUTIONS,Disiclin Sa,Disiclin Sa
TOTAL FABRIC SOLUTIONS,Distra,Distra
TOTAL FABRIC SOLUTIONS,Ditra Sitra,Ditra Sitra
TOTAL FABRIC SOLUTIONS,Ditra/citra (al Batha Group),Ditra Sitra
TOTAL FABRIC SOLUTIONS,Eco Lakah Group,Eco Lakah Group
TOTAL FABRIC SOLUTIONS,Eeco Co,Eeco Co
TOTAL FABRIC SOLUTIONS,Ets Tixist Detergent,Ets Tixist Detergent
TOTAL FABRIC SOLUTIONS,Gharbi Detergents,Gharbi Detergents
TOTAL FABRIC SOLUTIONS,Groupe Kb,Groupe Kb
TOTAL FABRIC SOLUTIONS,Groupe Palc Chemical,Groupe Palc Chemical
TOTAL FABRIC SOLUTIONS,Grupo Ac Marca,Grupo Ac Marca
TOTAL FABRIC SOLUTIONS,Hayat Group,Hayat Group
TOTAL FABRIC SOLUTIONS,Henkel,Henkel Ag & Co. Kgaa
TOTAL FABRIC SOLUTIONS,Henkel Ag & Co Kgaa,Henkel Ag & Co. Kgaa
TOTAL FABRIC SOLUTIONS,Herma S.a,Herma S.A
TOTAL FABRIC SOLUTIONS,Iberfrasa S.a.,Iberfrasa S.A.
TOTAL FABRIC SOLUTIONS,Industria Jabonera Lina S.a.,Industria Jabonera Lina S.A.
TOTAL FABRIC SOLUTIONS,K-dis Sarl,K-dis Sarl
TOTAL FABRIC SOLUTIONS,Lessieur Cristal,Lessieur Cristal
TOTAL FABRIC SOLUTIONS,Madar Co.,Madar Co.
TOTAL FABRIC SOLUTIONS,Marba International,Marba International
TOTAL FABRIC SOLUTIONS,Misr For Oils Co,Misr For Oils Co
TOTAL FABRIC SOLUTIONS,Modern Chemical Industries,Modern Chemical Industries
TOTAL FABRIC SOLUTIONS,Mpl - Mediterranea De Productos De Limpz,Mpl - Mediterranea De Productos De Limpz
TOTAL FABRIC SOLUTIONS,My Way Co,My Way Co
TOTAL FABRIC SOLUTIONS,Nafkal - National Fertilizer Co.ltd.,Nafkal - National Fertilizer Co.Ltd.
TOTAL FABRIC SOLUTIONS,Nunu Egypt Co,Nunu Egypt Co
TOTAL FABRIC SOLUTIONS,Oil Tec El Sadat,Oil Tec El Sadat
TOTAL FABRIC SOLUTIONS,Others,Others
TOTAL FABRIC SOLUTIONS,P&g,Procter & Gamble
TOTAL FABRIC SOLUTIONS,Persan,Persan
TOTAL FABRIC SOLUTIONS,Procter & Gamble,Procter & Gamble
TOTAL FABRIC SOLUTIONS,Procter & Gamble Co.,Procter & Gamble
TOTAL FABRIC SOLUTIONS,Reckitt Benckiser,Reckitt Benckiser
TOTAL FABRIC SOLUTIONS,S C Johnson,S C Johnson
TOTAL FABRIC SOLUTIONS,Sarl Esquirol,Sarl Esquirol
TOTAL FABRIC SOLUTIONS,Sidco(saudi Ind.det),Sidco(saudi Ind.det)
TOTAL FABRIC SOLUTIONS,Soaps & Chemi.ind.,Soaps & Chemi.Ind.
TOTAL FABRIC SOLUTIONS,Source Chimique,Source Chimique
TOTAL FABRIC SOLUTIONS,Spa Somdae,Spa Somdae
TOTAL FABRIC SOLUTIONS,Swania,Swania
TOTAL FABRIC SOLUTIONS,Tanta Oils Co,Tanta Oils Co
TOTAL FABRIC SOLUTIONS,The National Detergent Company S.a.oman,The National Detergent Co. S.A.O.G.
TOTAL FABRIC SOLUTIONS,Total,Total
TOTAL FABRIC SOLUTIONS,Unilever,Unilever
TOTAL FABRIC SOLUTIONS,Univers Detergent-gsiph,Univers Detergent-gsiph
TOTAL FABRIC SOLUTIONS,Alfa Parf Group Spa,Alfa Parf Group Spa
TOTAL FABRIC SOLUTIONS,Alleghany Pharmacal Corp.,Alleghany Pharmacal Corp.
TOTAL FABRIC SOLUTIONS,Colgate Palmolive,Colgate Palmolive
TOTAL FABRIC SOLUTIONS,Dabur India Ltd,Dabur India Ltd
TOTAL FABRIC SOLUTIONS,E.T. Browne Drug Co,E.T. Browne Drug Company
TOTAL FABRIC SOLUTIONS,Emami Ltd,Emami Ltd
TOTAL FABRIC SOLUTIONS,Henkel Ag & Co. Kgaa,Henkel Ag & Co. Kgaa
TOTAL FABRIC SOLUTIONS,Himalaya Herbals,Himalaya Herbals
TOTAL FABRIC SOLUTIONS,Johnson & Johnson,Johnson & Johnson
TOTAL FABRIC SOLUTIONS,Johnson & Johnson Limited,Johnson & Johnson
TOTAL FABRIC SOLUTIONS,Johnson&Johnson,Johnson & Johnson
TOTAL FABRIC SOLUTIONS,Klf Oil Industries,Klf Oil Industries
TOTAL FABRIC SOLUTIONS,L Oreal,L'Oreal
TOTAL FABRIC SOLUTIONS,L'Oreal,L'Oreal
TOTAL FABRIC SOLUTIONS,Marico Ltd,Marico Ltd.
TOTAL FABRIC SOLUTIONS,Nefertary,Nefertary
TOTAL FABRIC SOLUTIONS,Pettenon Cosmetic,Pettenon Cosmetic
TOTAL FABRIC SOLUTIONS,Vasu Health Care Ltd India,Vasu Health Care Ltd India
TOTAL FABRIC SOLUTIONS,Spinneys,Spinneys
FACE CARE,Abc International Ltd.,Abc International Ltd.
FACE CARE,Avalon Natural Products,Avalon Natural Products
FACE CARE,Beiersdorf,Beiersdorf Co
FACE CARE,Bioderma Lab Dermatologique France,Bioderma Laboratories
FACE CARE,Bioderma Laboratorie,Bioderma Laboratories
FACE CARE,Brodie&stone Plc,Brodie & Stone Plc
FACE CARE,Dermatologic Laboratories Uriage,Dermatologic Laboratories Uriage
FACE CARE,Drammock International Ltd.,Drammock International Ltd.
FACE CARE,Ego Pharmaceuticals,Ego Pharmaceuticals
FACE CARE,Emami Ltd,Emami Ltd
FACE CARE,Eva Cosmetics,Eva Cosmetics
FACE CARE,Expanscience Labs,Expanscience Laboratoires
FACE CARE,Export Solutions International Limited,Export Solutions International Limited
FACE CARE,Filorga Laboratoires Paris,Laboratoires Filorga
FACE CARE,Galderma Labs,Galderma Laboratories
FACE CARE,Himalaya Herbals,Himalaya Herbals
FACE CARE,Institut Esthederm France,Institut Esthederm France
FACE CARE,Isdin Sa,Isdin Sa
FACE CARE,Johnson & Johnson,Johnson & Johnson
FACE CARE,Kao,Kao Corporation
FACE CARE,Kao Corporation,Kao Corporation
FACE CARE,Kozmotek Marketing Co Ltd,Kozmotek Marketing Co Ltd
FACE CARE,Laboratoires Dermatologiques D'uriage,Laboratoires Dermatologiques D'uriage
FACE CARE,Laboratoires Filorga,Laboratoires Filorga
FACE CARE,Laboratoires Germaine De Capuccini Sa,Laboratoires Germaine De Capuccini Sa
FACE CARE,Laurel Cosmetics Co. China,Laurel Cosmetics Co. China
FACE CARE,Loreal,L'Oreal
FACE CARE,Lorigine (fzc),Lorigine (fzc)
FACE CARE,Mbeauty Cosmetics,Mbeauty Cosmetics
FACE CARE,Montagne Jeunesse,Montagne Jeunesse
FACE CARE,Natura Siberica,Natura Siberica
FACE CARE,Natural S.a.r.l.,Natural S.A.R.L.
FACE CARE,Nazih Group Uae,Nazih Group
FACE CARE,Others,Others
FACE CARE,Perfect Cosmetics Uae,Perfect Cosmetics
FACE CARE,Pierre Fabre Laboratories,Pierre Fabre Laboratory
FACE CARE,Pierre Fabre Laboratory,Pierre Fabre Laboratory
FACE CARE,Procter & Gamble,Procter & Gamble
FACE CARE,Rdl Cosmetic Laboratory,Rdl Cosmetic Laboratory
FACE CARE,Rony Pharma,Rony Pharma
FACE CARE,Seba Pharm.,Seba Pharm.
FACE CARE,Skin Concept Ag,Skin Concept Ag
FACE CARE,Skin Republic Laboratories,Skin Republic Laboratories
FACE CARE,Skincode Ag,Skincode Ag
FACE CARE,Splash Corporation Philippines,Splash Corporation Philippines
FACE CARE,Total,Total
FACE CARE,Unilever,Unilever
FACE CARE,Vivalis Ltd,Vivalis Ltd
FACE CARE,Vlcc Personal Care Ltd,Vlcc Personal Care Ltd
FACE CARE,Zhejiang Bangli Medical Products Co. Ltd,Zhejiang Bangli Medical Products Co. Ltd
SHAMPOOS(SH),Alfa Parf Group Spa,Alfa Parf Group Spa
SHAMPOOS(SH),Alleghany Pharmacal Corp.,Alleghany Pharmacal Corp.
SHAMPOOS(SH),Colgate Palmolive,Colgate Palmolive
SHAMPOOS(SH),Dabur India Ltd,Dabur India Ltd
SHAMPOOS(SH),E.T. Browne Drug Co,E.T. Browne Drug Company
SHAMPOOS(SH),Emami Ltd,Emami Ltd
SHAMPOOS(SH),Henkel,Henkel Ag & Co. Kgaa
SHAMPOOS(SH),Henkel Ag & Co Kgaa,Henkel Ag & Co. Kgaa
SHAMPOOS(SH),Henkel Ag & Co. Kgaa,Henkel Ag & Co. Kgaa
SHAMPOOS(SH),Himalaya Herbals,Himalaya Herbals
SHAMPOOS(SH),Johnson & Johnson,Johnson & Johnson
SHAMPOOS(SH),Johnson & Johnson Limited,Johnson & Johnson
SHAMPOOS(SH),Johnson&Johnson,Johnson & Johnson
SHAMPOOS(SH),Klf Oil Industries,Klf Oil Industries
SHAMPOOS(SH),Loreal,L'Oreal
SHAMPOOS(SH),L'Oreal,L'Oreal
SHAMPOOS(SH),Marico Ltd,Marico Ltd.
SHAMPOOS(SH),Nefertary,Nefertary
SHAMPOOS(SH),Others,Others
SHAMPOOS(SH),Pettenon Cosmetic,Pettenon Cosmetic
SHAMPOOS(SH),Procter & Gamble,Procter & Gamble
SHAMPOOS(SH),Total,Total
SHAMPOOS(SH),Unilever,Unilever
SHAMPOOS(SH),Vasu Health Care Ltd India,Vasu Health Care Ltd India
SHAMPOOS(SH),NAZIH GROUP UAE,Nazih Group
SHAMPOOS(SH),ALES GROUP,Ales Group
SHAMPOOS(SH),PHILADELPHIA PHARMACEUTICALS,Philadelphia Pharmaceuticals
SHAMPOOS(SH),MADAR GROUP,Madar Group
SHAMPOOS(SH),E.T. BROWNE DRUG COMPANY,E.T. Browne Drug Company
SHAMPOOS(SH),PERFECT COSMETICS UAE,Perfect Cosmetics
SHAMPOOS(SH),SEBA PHARM.,Seba Pharm.
SHAMPOOS,Alfa Parf Group Spa,Alfa Parf Group Spa
SHAMPOOS,Alleghany Pharmacal Corp.,Alleghany Pharmacal Corp.
SHAMPOOS,Colgate Palmolive,Colgate Palmolive
SHAMPOOS,Dabur India Ltd,Dabur India Ltd
SHAMPOOS,E.T. Browne Drug Co,E.T. Browne Drug Company
SHAMPOOS,Emami Ltd,Emami Ltd
SHAMPOOS,Henkel,Henkel Ag & Co. Kgaa
SHAMPOOS,Henkel Ag & Co Kgaa,Henkel Ag & Co. Kgaa
SHAMPOOS,Henkel Ag & Co. Kgaa,Henkel Ag & Co. Kgaa
SHAMPOOS,Himalaya Herbals,Himalaya Herbals
SHAMPOOS,Johnson & Johnson,Johnson & Johnson
SHAMPOOS,Johnson & Johnson Limited,Johnson & Johnson
SHAMPOOS,Johnson&Johnson,Johnson & Johnson
SHAMPOOS,Klf Oil Industries,Klf Oil Industries
SHAMPOOS,Loreal,L'Oreal
SHAMPOOS,L'Oreal,L'Oreal
SHAMPOOS,Marico Ltd,Marico Ltd.
SHAMPOOS,Nefertary,Nefertary
SHAMPOOS,Others,Others
SHAMPOOS,Pettenon Cosmetic,Pettenon Cosmetic
SHAMPOOS,Procter & Gamble,Procter & Gamble
SHAMPOOS,Total,Total
SHAMPOOS,Unilever,Unilever
SHAMPOOS,Vasu Health Care Ltd India,Vasu Health Care Ltd India
SHAMPOOS,NAZIH GROUP UAE,Nazih Group
SHAMPOOS,ALES GROUP,Ales Group
SHAMPOOS,PHILADELPHIA PHARMACEUTICALS,Philadelphia Pharmaceuticals
SHAMPOOS,MADAR GROUP,Madar Group
SHAMPOOS,E.T. BROWNE DRUG COMPANY,E.T. Browne Drug Company
SHAMPOOS,PERFECT COSMETICS UAE,Perfect Cosmetics
SHAMPOOS,SEBA PHARM.,Seba Pharm.
TOTAL HAIR CARE,Alfa Parf Group Spa,Alfa Parf Group Spa
TOTAL HAIR CARE,Alleghany Pharmacal Corp.,Alleghany Pharmacal Corp.
TOTAL HAIR CARE,Colgate Palmolive,Colgate Palmolive
TOTAL HAIR CARE,Dabur India Ltd,Dabur India Ltd
TOTAL HAIR CARE,E.T. Browne Drug Co,E.T. Browne Drug Company
TOTAL HAIR CARE,Emami Ltd,Emami Ltd
TOTAL HAIR CARE,Henkel,Henkel Ag & Co. Kgaa
TOTAL HAIR CARE,Henkel Ag & Co Kgaa,Henkel Ag & Co. Kgaa
TOTAL HAIR CARE,Henkel Ag & Co. Kgaa,Henkel Ag & Co. Kgaa
TOTAL HAIR CARE,Himalaya Herbals,Himalaya Herbals
TOTAL HAIR CARE,Johnson & Johnson,Johnson & Johnson
TOTAL HAIR CARE,Johnson & Johnson Limited,Johnson & Johnson
TOTAL HAIR CARE,Johnson&Johnson,Johnson & Johnson
TOTAL HAIR CARE,Klf Oil Industries,Klf Oil Industries
TOTAL HAIR CARE,Loreal,L'Oreal
TOTAL HAIR CARE,L'Oreal,L'Oreal
TOTAL HAIR CARE,Marico Ltd,Marico Ltd.
TOTAL HAIR CARE,Nefertary,Nefertary
TOTAL HAIR CARE,Others,Others
TOTAL HAIR CARE,Pettenon Cosmetic,Pettenon Cosmetic
TOTAL HAIR CARE,Procter & Gamble,Procter & Gamble
TOTAL HAIR CARE,Total,Total
TOTAL HAIR CARE,Unilever,Unilever
TOTAL HAIR CARE,Vasu Health Care Ltd India,Vasu Health Care Ltd India
TOTAL HAIR CARE,NAZIH GROUP UAE,Nazih Group
TOTAL HAIR CARE,ALES GROUP,Ales Group
TOTAL HAIR CARE,PHILADELPHIA PHARMACEUTICALS,Philadelphia Pharmaceuticals
TOTAL HAIR CARE,MADAR GROUP,Madar Group
TOTAL HAIR CARE,E.T. BROWNE DRUG COMPANY,E.T. Browne Drug Company
TOTAL HAIR CARE,PERFECT COSMETICS UAE,Perfect Cosmetics
TOTAL HAIR CARE,SEBA PHARM.,Seba Pharm.
HAIR CARE,Alfa Parf Group Spa,Alfa Parf Group Spa
HAIR CARE,Alleghany Pharmacal Corp.,Alleghany Pharmacal Corp.
HAIR CARE,Colgate Palmolive,Colgate Palmolive
HAIR CARE,Dabur India Ltd,Dabur India Ltd
HAIR CARE,E.T. Browne Drug Co,E.T. Browne Drug Company
HAIR CARE,Emami Ltd,Emami Ltd
HAIR CARE,Henkel,Henkel Ag & Co. Kgaa
HAIR CARE,Henkel Ag & Co Kgaa,Henkel Ag & Co. Kgaa
HAIR CARE,Henkel Ag & Co. Kgaa,Henkel Ag & Co. Kgaa
HAIR CARE,Himalaya Herbals,Himalaya Herbals
HAIR CARE,Johnson & Johnson,Johnson & Johnson
HAIR CARE,Johnson & Johnson Limited,Johnson & Johnson
HAIR CARE,Johnson&Johnson,Johnson & Johnson
HAIR CARE,Klf Oil Industries,Klf Oil Industries
HAIR CARE,Loreal,L'Oreal
HAIR CARE,L'Oreal,L'Oreal
HAIR CARE,Marico Ltd,Marico Ltd.
HAIR CARE,Nefertary,Nefertary
HAIR CARE,Others,Others
HAIR CARE,Pettenon Cosmetic,Pettenon Cosmetic
HAIR CARE,Procter & Gamble,Procter & Gamble
HAIR CARE,Total,Total
HAIR CARE,Unilever,Unilever
HAIR CARE,Vasu Health Care Ltd India,Vasu Health Care Ltd India
HAIR CARE,NAZIH GROUP UAE,Nazih Group
HAIR CARE,ALES GROUP,Ales Group
HAIR CARE,PHILADELPHIA PHARMACEUTICALS,Philadelphia Pharmaceuticals
HAIR CARE,MADAR GROUP,Madar Group
HAIR CARE,E.T. BROWNE DRUG COMPANY,E.T. Browne Drug Company
HAIR CARE,PERFECT COSMETICS UAE,Perfect Cosmetics
HAIR CARE,SEBA PHARM.,Seba Pharm.
SHAMPOO,Alfa Parf Group Spa,Alfa Parf Group Spa
SHAMPOO,Alleghany Pharmacal Corp.,Alleghany Pharmacal Corp.
SHAMPOO,Colgate Palmolive,Colgate Palmolive
SHAMPOO,Dabur India Ltd,Dabur India Ltd
SHAMPOO,E.T. Browne Drug Co,E.T. Browne Drug Company
SHAMPOO,Emami Ltd,Emami Ltd
SHAMPOO,Henkel,Henkel Ag & Co. Kgaa
SHAMPOO,Henkel Ag & Co Kgaa,Henkel Ag & Co. Kgaa
SHAMPOO,Henkel Ag & Co. Kgaa,Henkel Ag & Co. Kgaa
SHAMPOO,Himalaya Herbals,Himalaya Herbals
SHAMPOO,Johnson & Johnson,Johnson & Johnson
SHAMPOO,Johnson & Johnson Limited,Johnson & Johnson
SHAMPOO,Johnson&Johnson,Johnson & Johnson
SHAMPOO,Klf Oil Industries,Klf Oil Industries
SHAMPOO,Loreal,L'Oreal
SHAMPOO,L'Oreal,L'Oreal
SHAMPOO,Marico Ltd,Marico Ltd.
SHAMPOO,Nefertary,Nefertary
SHAMPOO,Others,Others
SHAMPOO,Pettenon Cosmetic,Pettenon Cosmetic
SHAMPOO,Procter & Gamble,Procter & Gamble
SHAMPOO,Total,Total
SHAMPOO,Unilever,Unilever
SHAMPOO,Vasu Health Care Ltd India,Vasu Health Care Ltd India
SHAMPOO,NAZIH GROUP UAE,Nazih Group
SHAMPOO,ALES GROUP,Ales Group
SHAMPOO,PHILADELPHIA PHARMACEUTICALS,Philadelphia Pharmaceuticals
SHAMPOO,MADAR GROUP,Madar Group
SHAMPOO,E.T. BROWNE DRUG COMPANY,E.T. Browne Drug Company
SHAMPOO,PERFECT COSMETICS UAE,Perfect Cosmetics
SHAMPOO,SEBA PHARM.,Seba Pharm.
Any Shampoo,Alfa Parf Group Spa,Alfa Parf Group Spa
Any Shampoo,Alleghany Pharmacal Corp.,Alleghany Pharmacal Corp.
Any Shampoo,Colgate Palmolive,Colgate Palmolive
Any Shampoo,Dabur India Ltd,Dabur India Ltd
Any Shampoo,E.T. Browne Drug Co,E.T. Browne Drug Company
Any Shampoo,Emami Ltd,Emami Ltd
Any Shampoo,Henkel,Henkel Ag & Co. Kgaa
Any Shampoo,Henkel Ag & Co Kgaa,Henkel Ag & Co. Kgaa
Any Shampoo,Henkel Ag & Co. Kgaa,Henkel Ag & Co. Kgaa
Any Shampoo,Himalaya Herbals,Himalaya Herbals
Any Shampoo,Johnson & Johnson,Johnson & Johnson
Any Shampoo,Johnson & Johnson Limited,Johnson & Johnson
Any Shampoo,Johnson&Johnson,Johnson & Johnson
Any Shampoo,Klf Oil Industries,Klf Oil Industries
Any Shampoo,Loreal,L'Oreal
Any Shampoo,L'Oreal,L'Oreal
Any Shampoo,Marico Ltd,Marico Ltd.
Any Shampoo,Nefertary,Nefertary
Any Shampoo,Others,Others
Any Shampoo,Pettenon Cosmetic,Pettenon Cosmetic
Any Shampoo,Procter & Gamble,Procter & Gamble
Any Shampoo,Total,Total
Any Shampoo,Unilever,Unilever
Any Shampoo,Vasu Health Care Ltd India,Vasu Health Care Ltd India
Any Shampoo,NAZIH GROUP UAE,Nazih Group
Any Shampoo,ALES GROUP,Ales Group
Any Shampoo,PHILADELPHIA PHARMACEUTICALS,Philadelphia Pharmaceuticals
Any Shampoo,MADAR GROUP,Madar Group
Any Shampoo,E.T. BROWNE DRUG COMPANY,E.T. Browne Drug Company
Any Shampoo,PERFECT COSMETICS UAE,Perfect Cosmetics
Any Shampoo,SEBA PHARM.,Seba Pharm.
HAND & BODY,Beiersdorf,Beiersdorf Co
HAND & BODY,Bioderma Laboratorie,Bioderma Laboratories
HAND & BODY,Burnus,Burnus
HAND & BODY,Dabur India Ltd,Dabur India Ltd
HAND & BODY,Ego Pharmaceuticals,Ego Pharmaceuticals
HAND & BODY,Galderma Laboratories,Galderma Laboratories
HAND & BODY,Galderma Labs,Galderma Laboratories
HAND & BODY,Johnson & Johnson,Johnson & Johnson
HAND & BODY,Kao,Kao Corporation
HAND & BODY,Kao Corporation,Kao Corporation
HAND & BODY,Others,Others
HAND & BODY,Premier Cosmetics,Premier Cosmetics
HAND & BODY,Seba Pharm.,Seba Pharm.
HAND & BODY,Suprima Cosmo,Suprima Cosmo
HAND & BODY,Total,Total
HAND & BODY,Unilever,Unilever
HAND & BODY,Unza Malasia,Unza Malasia
HAND & BODY,Vasa Cosmetics Private Limited,Vasa Cosmetics Private Limited
HAND & BODY,Vasa Global Cosmetics,Vasa Global Cosmetics
HAND & BODY,Wldf Llc Uae,Wldf Llc Uae
HAND & BODY,WIPRO UNZA HOLDINGS,Wipro Unza Holdings
HAND & BODY,BATTERJEE COSMETIC FACTORY (NUNU),Batterjee Cosmetic Factory
HAND & BODY,NAZIH GROUP UAE,Nazih Group
HAND & BODY,PERRIGO,Perrigo
HAND & BODY,NEW MEDICAL TECHNOLOGY INC.,New Medical Technology Inc.
HAND & BODY,HIMALAYA HERBALS,Himalaya Herbals
HAND & BODY,NOW FOODS,Now Foods
TOTAL HOUSEHOLD CLEANERS,Ahl Alsaraa Est.,Ahl Alsaraa Est.
TOTAL HOUSEHOLD CLEANERS,Al Montasera Ltd.co.,Al Montasera Ltd.co.
TOTAL HOUSEHOLD CLEANERS,Al Safi Paper Llc,Al Safi Paper Llc
TOTAL HOUSEHOLD CLEANERS,Alnajm Al Malaki Gen Tr-llc,Alnajm Al Malaki Gen Tr-llc
TOTAL HOUSEHOLD CLEANERS,Arba Kimyasal Temizlik Ve Kozmetik,Arba Kimyasal Temizlik Ve Kozmetik
TOTAL HOUSEHOLD CLEANERS,Basic Chemical Industr.limited (bci) Ksa,Basic Chemical Industr.Limited
TOTAL HOUSEHOLD CLEANERS,Bolton Group,Bolton Group
TOTAL HOUSEHOLD CLEANERS,Clorox,Clorox
TOTAL HOUSEHOLD CLEANERS,Eb Dammam Ksa,Eb Dammam Ksa
TOTAL HOUSEHOLD CLEANERS,Endeks,Endeks
TOTAL HOUSEHOLD CLEANERS,Hamoudeh Industrial And Trading,Hamoudeh Industrial And Trading
TOTAL HOUSEHOLD CLEANERS,Henkel,Henkel Ag & Co. Kgaa
TOTAL HOUSEHOLD CLEANERS,Henkel Ag & Co Kgaa,Henkel Ag & Co. Kgaa
TOTAL HOUSEHOLD CLEANERS,Hilali Light Industries Co.sharjah Uae,Hilali Light Industries Co.Sharjah
TOTAL HOUSEHOLD CLEANERS,Jeyes,Jeyes
TOTAL HOUSEHOLD CLEANERS,Namco Manufacturing Inc,Namco Manufacturing Inc
TOTAL HOUSEHOLD CLEANERS,Natures Organics Pty Ltd.,Natures Organics Pty Ltd.
TOTAL HOUSEHOLD CLEANERS,Others,Others
TOTAL HOUSEHOLD CLEANERS,Reckitt Benckiser,Reckitt Benckiser
TOTAL HOUSEHOLD CLEANERS,S C Johnson,S C Johnson
TOTAL HOUSEHOLD CLEANERS,Sidco Ksa (saudi Industrial Detergent),Sidco(saudi Ind.det)
TOTAL HOUSEHOLD CLEANERS,The Clorox Company,Clorox
TOTAL HOUSEHOLD CLEANERS,The London Oil Refining Company,The London Oil Refining Company
TOTAL HOUSEHOLD CLEANERS,The National Detergent Co. Saog.,The National Detergent Co. S.A.O.G.
TOTAL HOUSEHOLD CLEANERS,Total,Total
TOTAL HOUSEHOLD CLEANERS,Unilever,Unilever
TOTAL HOUSEHOLD CLEANERS,Viking Cleaning And Cosmetic Inc.,Viking Cleaning And Cosmetic Inc.
TOTAL HOUSEHOLD CLEANERS,Werner & Mertz Gmbh,Werner & Mertz Gmbh
TOTAL HOUSEHOLD CLEANERS,Ymcc General Trad.,Ymcc General Trad.
TOTAL HOUSEHOLD CLEANERS,Spinneys,Spinneys
TOTAL HOUSEHOLD CLEANERS,IBN ALARQAM,Ibn Alarqam
TOTAL HOUSE HOLD CLEANERS,Ahl Alsaraa Est.,Ahl Alsaraa Est.
TOTAL HOUSE HOLD CLEANERS,Al Montasera Ltd.co.,Al Montasera Ltd.co.
TOTAL HOUSE HOLD CLEANERS,Al Safi Paper Llc,Al Safi Paper Llc
TOTAL HOUSE HOLD CLEANERS,Alnajm Al Malaki Gen Tr-llc,Alnajm Al Malaki Gen Tr-llc
TOTAL HOUSE HOLD CLEANERS,Arba Kimyasal Temizlik Ve Kozmetik,Arba Kimyasal Temizlik Ve Kozmetik
TOTAL HOUSE HOLD CLEANERS,Basic Chemical Industr.limited (bci) Ksa,Basic Chemical Industr.Limited
TOTAL HOUSE HOLD CLEANERS,Bolton Group,Bolton Group
TOTAL HOUSE HOLD CLEANERS,Clorox,Clorox
TOTAL HOUSE HOLD CLEANERS,Eb Dammam Ksa,Eb Dammam Ksa
TOTAL HOUSE HOLD CLEANERS,Endeks,Endeks
TOTAL HOUSE HOLD CLEANERS,Hamoudeh Industrial And Trading,Hamoudeh Industrial And Trading
TOTAL HOUSE HOLD CLEANERS,Henkel,Henkel Ag & Co. Kgaa
TOTAL HOUSE HOLD CLEANERS,Henkel Ag & Co Kgaa,Henkel Ag & Co. Kgaa
TOTAL HOUSE HOLD CLEANERS,Hilali Light Industries Co.sharjah Uae,Hilali Light Industries Co.Sharjah
TOTAL HOUSE HOLD CLEANERS,Jeyes,Jeyes
TOTAL HOUSE HOLD CLEANERS,Namco Manufacturing Inc,Namco Manufacturing Inc
TOTAL HOUSE HOLD CLEANERS,Natures Organics Pty Ltd.,Natures Organics Pty Ltd.
TOTAL HOUSE HOLD CLEANERS,Others,Others
TOTAL HOUSE HOLD CLEANERS,Reckitt Benckiser,Reckitt Benckiser
TOTAL HOUSE HOLD CLEANERS,S C Johnson,S C Johnson
TOTAL HOUSE HOLD CLEANERS,Sidco Ksa (saudi Industrial Detergent),Sidco(saudi Ind.det)
TOTAL HOUSE HOLD CLEANERS,The Clorox Company,Clorox
TOTAL HOUSE HOLD CLEANERS,The London Oil Refining Company,The London Oil Refining Company
TOTAL HOUSE HOLD CLEANERS,The National Detergent Co. Saog.,The National Detergent Co. S.A.O.G.
TOTAL HOUSE HOLD CLEANERS,Total,Total
TOTAL HOUSE HOLD CLEANERS,Unilever,Unilever
TOTAL HOUSE HOLD CLEANERS,Viking Cleaning And Cosmetic Inc.,Viking Cleaning And Cosmetic Inc.
TOTAL HOUSE HOLD CLEANERS,Werner & Mertz Gmbh,Werner & Mertz Gmbh
TOTAL HOUSE HOLD CLEANERS,Ymcc General Trad.,Ymcc General Trad.
TOTAL HOUSE HOLD CLEANERS,Spinneys,Spinneys
TOTAL HOUSE HOLD CLEANERS,IBN ALARQAM,Ibn Alarqam
TEA,A.M.S Baeshen & Co.,A.M.S. Baeshen & Co.
TEA,A.M.S. Baeshen & Co,A.M.S. Baeshen & Co.
TEA,Aastha Enterprises,Aastha Enterprises
TEA,Ahmad Tea Co,Ahmad Tea Ltd.
TEA,Ahmad Tea Ltd,Ahmad Tea Ltd.
TEA,Ahmad Tea Ltd.,Ahmad Tea Ltd.
TEA,Akbar Brothers Ltd,Akbar Brothers Ltd
TEA,Al Anani Co,Al Anani Co
TEA,Al Asari Co,Al Asari Co
TEA,Al Attar Company,Al Attar Company
TEA,Al Gayathri Trading Co. (P) Ltd,Al Gayathri Trading Co. (Pvt) Ltd
TEA,Al Kbous,Al Kbous
TEA,Al Khair Industrial Dammam Ksa,Al Khair Industrial Dammam Ksa
TEA,Al Safa Co.,Al Safa Co.
TEA,All Karak Tea,All Karak Tea
TEA,Al-Moukhtar,Al-Moukhtar
TEA,Alokozay International Ltd,Alokozay Group
TEA,Alwazah Tea,Alwazah Tea
TEA,Associated British Foods,Associated British Foods
TEA,Chamain Company,Chamain Company
TEA,Chunilal Purshottam & Co Llc,Chunilal Purshottam & Co Llc
TEA,Crown Co,Crown Co
TEA,Crown Oriental Foods Ltd,Crown Oriental Foods Ltd
TEA,Earths Finest,Earths Finest
TEA,East West Tea Company Llc,East West Tea Company Llc
TEA,Eastern Condiments Pvt. Ltd,Eastern Condiments Pvt. Ltd
TEA,Eastern Foods India,Eastern Foods India
TEA,El Ashraf Co.,El Ashraf Co.
TEA,Elfath Company/Almanar Companies,Elfath Company/Almanar Companies
TEA,Empire Mfg.,Empire Mfg.
TEA,Finlays Group,Finlays Group
TEA,Frieslandcampina,Frieslandcampina
TEA,Garden Herbal Tea,Garden Herbal Tea
TEA,Hasmukhrai & Co.,Hasmukhrai & Co.
TEA,Hassani Food Industries,Hassani Food Industries
TEA,I F C,I F C
TEA,Isis For Food Industries,Isis For Food Industries
TEA,Itoen Co Ltd Japan,Itoen Co Ltd Japan
TEA,M. Bamujally United Co.,M. Bamujally United Co.
TEA,M.M. Sinno & Sons.,M.M. Sinno & Sons.
TEA,Malek Bros,Malek Bros
TEA,Manuel,Manuel
TEA,Mega Food Industries,Mega Food Industries
TEA,Misr Cafe Co. Egypt,Misr Cafe Co.
TEA,Mjf Group,Mjf Group
TEA,Mjf Group - Dilmah,Mjf Group
TEA,Morocco Taste Group,Morocco Taste Group
TEA,Nestle,Nestle
TEA,Others,Others
TEA,Power Root Sdn Bhd-Malaysia,Power Root Sdn Bhd-Malaysia
TEA,Qualitea Ceylon (Pvt) Ltd,Qualitea Ceylon (Pvt) Ltd
TEA,R. Twining & Co Limited,Twinings
TEA,Tata Tea Ltd,Tata Tea Ltd
TEA,Teekanne Gmbh,Teekanne Gmbh
TEA,Teekanne Gmbh Co Germany,Teekanne Gmbh
TEA,Total,Total
TEA,Traditional Medicinals,Traditional Medicinals
TEA,Twining And Company Limited,Twinings
TEA,Twinings,Twinings
TEA,Unilever,Unilever
TEA,Wadi Al Nahil Group,Wadi Al Nahil Group
TEA,Wagh Bakri Group,Wagh Bakri Group
TEA,Empire International Sdn Bhd,Empire Mfg.
TEA,ABBAS EL HELBAWI FOR TRADING & INDUSTRY,Abbas El Helbawi For Trading & Industry
TEA,CASA SANTIVERI,Casa Santiveri
TEA,EL CORTE INGLES,El Corte Ingles
TEA,FAST EUROCAFE,Fast Eurocafe
TEA,LEA VITAL,Lea Vital
TEA,SEVEN LANDS SARL,Seven Lands Sarl
TEA(TEA),A.M.S Baeshen & Co.,A.M.S. Baeshen & Co.
TEA(TEA),A.M.S. Baeshen & Co,A.M.S. Baeshen & Co.
TEA(TEA),Aastha Enterprises,Aastha Enterprises
TEA(TEA),Ahmad Tea Co,Ahmad Tea Ltd.
TEA(TEA),Ahmad Tea Ltd,Ahmad Tea Ltd.
TEA(TEA),Ahmad Tea Ltd.,Ahmad Tea Ltd.
TEA(TEA),Akbar Brothers Ltd,Akbar Brothers Ltd
TEA(TEA),Al Anani Co,Al Anani Co
TEA(TEA),Al Asari Co,Al Asari Co
TEA(TEA),Al Attar Company,Al Attar Company
TEA(TEA),Al Gayathri Trading Co. (P) Ltd,Al Gayathri Trading Co. (Pvt) Ltd
TEA(TEA),Al Kbous,Al Kbous
TEA(TEA),Al Khair Industrial Dammam Ksa,Al Khair Industrial Dammam Ksa
TEA(TEA),Al Safa Co.,Al Safa Co.
TEA(TEA),All Karak Tea,All Karak Tea
TEA(TEA),Al-Moukhtar,Al-Moukhtar
TEA(TEA),Alokozay International Ltd,Alokozay Group
TEA(TEA),Alwazah Tea,Alwazah Tea
TEA(TEA),Associated British Foods,Associated British Foods
TEA(TEA),Chamain Company,Chamain Company
TEA(TEA),Chunilal Purshottam & Co Llc,Chunilal Purshottam & Co Llc
TEA(TEA),Crown Co,Crown Co
TEA(TEA),Crown Oriental Foods Ltd,Crown Oriental Foods Ltd
TEA(TEA),Earths Finest,Earths Finest
TEA(TEA),East West Tea Company Llc,East West Tea Company Llc
TEA(TEA),Eastern Condiments Pvt. Ltd,Eastern Condiments Pvt. Ltd
TEA(TEA),Eastern Foods India,Eastern Foods India
TEA(TEA),El Ashraf Co.,El Ashraf Co.
TEA(TEA),Elfath Company/Almanar Companies,Elfath Company/Almanar Companies
TEA(TEA),Empire Mfg.,Empire Mfg.
TEA(TEA),Finlays Group,Finlays Group
TEA(TEA),Frieslandcampina,Frieslandcampina
TEA(TEA),Garden Herbal Tea,Garden Herbal Tea
TEA(TEA),Hasmukhrai & Co.,Hasmukhrai & Co.
TEA(TEA),Hassani Food Industries,Hassani Food Industries
TEA(TEA),I F C,I F C
TEA(TEA),Isis For Food Industries,Isis For Food Industries
TEA(TEA),Itoen Co Ltd Japan,Itoen Co Ltd Japan
TEA(TEA),M. Bamujally United Co.,M. Bamujally United Co.
TEA(TEA),M.M. Sinno & Sons.,M.M. Sinno & Sons.
TEA(TEA),Malek Bros,Malek Bros
TEA(TEA),Manuel,Manuel
TEA(TEA),Mega Food Industries,Mega Food Industries
TEA(TEA),Misr Cafe Co. Egypt,Misr Cafe Co.
TEA(TEA),Mjf Group,Mjf Group
TEA(TEA),Mjf Group - Dilmah,Mjf Group
TEA(TEA),Morocco Taste Group,Morocco Taste Group
TEA(TEA),Nestle,Nestle
TEA(TEA),Others,Others
TEA(TEA),Power Root Sdn Bhd-Malaysia,Power Root Sdn Bhd-Malaysia
TEA(TEA),Qualitea Ceylon (Pvt) Ltd,Qualitea Ceylon (Pvt) Ltd
TEA(TEA),R. Twining & Co Limited,Twinings
TEA(TEA),Tata Tea Ltd,Tata Tea Ltd
TEA(TEA),Teekanne Gmbh,Teekanne Gmbh
TEA(TEA),Teekanne Gmbh Co Germany,Teekanne Gmbh
TEA(TEA),Total,Total
TEA(TEA),Traditional Medicinals,Traditional Medicinals
TEA(TEA),Twining And Company Limited,Twinings
TEA(TEA),Twinings,Twinings
TEA(TEA),Unilever,Unilever
TEA(TEA),Wadi Al Nahil Group,Wadi Al Nahil Group
TEA(TEA),Wagh Bakri Group,Wagh Bakri Group
TEA(TEA),Empire International Sdn Bhd,Empire Mfg.
TEA(TEA),ABBAS EL HELBAWI FOR TRADING & INDUSTRY,Abbas El Helbawi For Trading & Industry
TEA(TEA),CASA SANTIVERI,Casa Santiveri
TEA(TEA),EL CORTE INGLES,El Corte Ingles
TEA(TEA),FAST EUROCAFE,Fast Eurocafe
TEA(TEA),LEA VITAL,Lea Vital
TEA(TEA),SEVEN LANDS SARL,Seven Lands Sarl
TOOTHPASTE&MOUTHWASHES,Al Israa,Al Israa
TOOTHPASTE&MOUTHWASHES,Anchor Health And Beauty Care Pvt. Ltd.,Anchor Health And Beauty Care Pvt. Ltd.
TOOTHPASTE&MOUTHWASHES,Ansar Harford Co.,Ansar Harford Co.
TOOTHPASTE&MOUTHWASHES,Astera,Astera
TOOTHPASTE&MOUTHWASHES,Bolton Group,Bolton Group
TOOTHPASTE&MOUTHWASHES,Church & Dwight Co,Church & Dwight Co
TOOTHPASTE&MOUTHWASHES,Colgate Palmolive,Colgate Palmolive
TOOTHPASTE&MOUTHWASHES,Coswell Spa,Coswell Spa
TOOTHPASTE&MOUTHWASHES,Dabur India Ltd,Dabur India Ltd
TOOTHPASTE&MOUTHWASHES,Dental-Kosmetik Gmbh & Co.,Dental-Kosmetik Gmbh & Co.
TOOTHPASTE&MOUTHWASHES,Dr Organic Limited,Dr Organic Limited
TOOTHPASTE&MOUTHWASHES,Dr. Theiss Naturwaren Gmbh,Dr. Theiss Naturwaren Gmbh
TOOTHPASTE&MOUTHWASHES,Dr. Wild & Co. Ag,Dr. Wild & Co. Ag
TOOTHPASTE&MOUTHWASHES,El Israa Co,El Israa Co
TOOTHPASTE&MOUTHWASHES,Esi S.P.A.,Esi S.P.A.
TOOTHPASTE&MOUTHWASHES,Eva Cosmetics,Eva Cosmetics
TOOTHPASTE&MOUTHWASHES,Farmaceutici Dottor Ciccarelli Spa,Farmaceutici Dottor Ciccarelli Spa
TOOTHPASTE&MOUTHWASHES,Glaxosmithkline,Glaxosmithkline
TOOTHPASTE&MOUTHWASHES,Glaxosmithkline Plc,Glaxosmithkline
TOOTHPASTE&MOUTHWASHES,Greater Poly Manufacturing Company Limit,Greater Poly Manufacturing Company Limit
TOOTHPASTE&MOUTHWASHES,Henkel Ag & Co Kgaa,Henkel Ag & Co. Kgaa
TOOTHPASTE&MOUTHWASHES,Henkel Ag & Co. Kgaa,Henkel Ag & Co. Kgaa
TOOTHPASTE&MOUTHWASHES,Hi Care Co,Hi Care Co
TOOTHPASTE&MOUTHWASHES,High Ridge Brands Co.,High Ridge Brands Co.
TOOTHPASTE&MOUTHWASHES,Himalaya Herbals,Himalaya Herbals
TOOTHPASTE&MOUTHWASHES,K.P.Namboodiris Ayurvedics,K.P.Namboodiris Ayurvedics
TOOTHPASTE&MOUTHWASHES,Kibaa Co,Kibaa Co
TOOTHPASTE&MOUTHWASHES,Laboratories Sante Beaute,Laboratories Sante Beaute
TOOTHPASTE&MOUTHWASHES,Lotus Brands Inc.,Lotus Brands Inc.
TOOTHPASTE&MOUTHWASHES,Miswak Utama,Miswak Utama
TOOTHPASTE&MOUTHWASHES,My Way Group,My Way Group
TOOTHPASTE&MOUTHWASHES,Natura Siberica,Natura Siberica
TOOTHPASTE&MOUTHWASHES,Optima Health&Nutrition,Optima Health&Nutrition
TOOTHPASTE&MOUTHWASHES,Optimal Medics Sarl,Optimal Medics SARL
TOOTHPASTE&MOUTHWASHES,Others,Others
TOOTHPASTE&MOUTHWASHES,Pierre Fabre Laboratory,Pierre Fabre Laboratory
TOOTHPASTE&MOUTHWASHES,Procter & Gamble,Procter & Gamble
TOOTHPASTE&MOUTHWASHES,Pt Lion Wings,Pt Lion Wings
TOOTHPASTE&MOUTHWASHES,Purity Laboratories Ltd,Purity Laboratories Ltd
TOOTHPASTE&MOUTHWASHES,Sunstar Americas Inc.,Sunstar Americas Inc.
TOOTHPASTE&MOUTHWASHES,The Himalaya Drug Co,The Himalaya Drug Co
TOOTHPASTE&MOUTHWASHES,Top Pharma Co,Top Pharma Co
TOOTHPASTE&MOUTHWASHES,Total,Total
TOOTHPASTE&MOUTHWASHES,Unilever,Unilever
TOOTHPASTE&MOUTHWASHES,Utradent Products Inc,Utradent Products Inc
TOOTHPASTE & MOUTHWASH,Al Israa,Al Israa
TOOTHPASTE & MOUTHWASH,Anchor Health And Beauty Care Pvt. Ltd.,Anchor Health And Beauty Care Pvt. Ltd.
TOOTHPASTE & MOUTHWASH,Ansar Harford Co.,Ansar Harford Co.
TOOTHPASTE & MOUTHWASH,Astera,Astera
TOOTHPASTE & MOUTHWASH,Bolton Group,Bolton Group
TOOTHPASTE & MOUTHWASH,Church & Dwight Co,Church & Dwight Co
TOOTHPASTE & MOUTHWASH,Colgate Palmolive,Colgate Palmolive
TOOTHPASTE & MOUTHWASH,Coswell Spa,Coswell Spa
TOOTHPASTE & MOUTHWASH,Dabur India Ltd,Dabur India Ltd
TOOTHPASTE & MOUTHWASH,Dental-Kosmetik Gmbh & Co.,Dental-Kosmetik Gmbh & Co.
TOOTHPASTE & MOUTHWASH,Dr Organic Limited,Dr Organic Limited
TOOTHPASTE & MOUTHWASH,Dr. Theiss Naturwaren Gmbh,Dr. Theiss Naturwaren Gmbh
TOOTHPASTE & MOUTHWASH,Dr. Wild & Co. Ag,Dr. Wild & Co. Ag
TOOTHPASTE & MOUTHWASH,El Israa Co,El Israa Co
TOOTHPASTE & MOUTHWASH,Esi S.P.A.,Esi S.P.A.
TOOTHPASTE & MOUTHWASH,Eva Cosmetics,Eva Cosmetics
TOOTHPASTE & MOUTHWASH,Farmaceutici Dottor Ciccarelli Spa,Farmaceutici Dottor Ciccarelli Spa
TOOTHPASTE & MOUTHWASH,Glaxosmithkline,Glaxosmithkline
TOOTHPASTE & MOUTHWASH,Glaxosmithkline Plc,Glaxosmithkline
TOOTHPASTE & MOUTHWASH,Greater Poly Manufacturing Company Limit,Greater Poly Manufacturing Company Limit
TOOTHPASTE & MOUTHWASH,Henkel Ag & Co Kgaa,Henkel Ag & Co. Kgaa
TOOTHPASTE & MOUTHWASH,Henkel Ag & Co. Kgaa,Henkel Ag & Co. Kgaa
TOOTHPASTE & MOUTHWASH,Hi Care Co,Hi Care Co
TOOTHPASTE & MOUTHWASH,High Ridge Brands Co.,High Ridge Brands Co.
TOOTHPASTE & MOUTHWASH,Himalaya Herbals,Himalaya Herbals
TOOTHPASTE & MOUTHWASH,K.P.Namboodiris Ayurvedics,K.P.Namboodiris Ayurvedics
TOOTHPASTE & MOUTHWASH,Kibaa Co,Kibaa Co
TOOTHPASTE & MOUTHWASH,Laboratories Sante Beaute,Laboratories Sante Beaute
TOOTHPASTE & MOUTHWASH,Lotus Brands Inc.,Lotus Brands Inc.
TOOTHPASTE & MOUTHWASH,Miswak Utama,Miswak Utama
TOOTHPASTE & MOUTHWASH,My Way Group,My Way Group
TOOTHPASTE & MOUTHWASH,Natura Siberica,Natura Siberica
TOOTHPASTE & MOUTHWASH,Optima Health&Nutrition,Optima Health&Nutrition
TOOTHPASTE & MOUTHWASH,Optimal Medics Sarl,Optimal Medics SARL
TOOTHPASTE & MOUTHWASH,Others,Others
TOOTHPASTE & MOUTHWASH,Pierre Fabre Laboratory,Pierre Fabre Laboratory
TOOTHPASTE & MOUTHWASH,Procter & Gamble,Procter & Gamble
TOOTHPASTE & MOUTHWASH,Pt Lion Wings,Pt Lion Wings
TOOTHPASTE & MOUTHWASH,Purity Laboratories Ltd,Purity Laboratories Ltd
TOOTHPASTE & MOUTHWASH,Sunstar Americas Inc.,Sunstar Americas Inc.
TOOTHPASTE & MOUTHWASH,The Himalaya Drug Co,The Himalaya Drug Co
TOOTHPASTE & MOUTHWASH,Top Pharma Co,Top Pharma Co
TOOTHPASTE & MOUTHWASH,Total,Total
TOOTHPASTE & MOUTHWASH,Unilever,Unilever
TOOTHPASTE & MOUTHWASH,Utradent Products Inc,Utradent Products Inc
TOOTHPASTE(TP),Al Israa,Al Israa
TOOTHPASTE(TP),Anchor Health And Beauty Care Pvt. Ltd.,Anchor Health And Beauty Care Pvt. Ltd.
TOOTHPASTE(TP),Ansar Harford Co.,Ansar Harford Co.
TOOTHPASTE(TP),Astera,Astera
TOOTHPASTE(TP),Bolton Group,Bolton Group
TOOTHPASTE(TP),Church & Dwight Co,Church & Dwight Co
TOOTHPASTE(TP),Colgate Palmolive,Colgate Palmolive
TOOTHPASTE(TP),Coswell Spa,Coswell Spa
TOOTHPASTE(TP),Dabur India Ltd,Dabur India Ltd
TOOTHPASTE(TP),Dental-Kosmetik Gmbh & Co.,Dental-Kosmetik Gmbh & Co.
TOOTHPASTE(TP),Dr Organic Limited,Dr Organic Limited
TOOTHPASTE(TP),Dr. Theiss Naturwaren Gmbh,Dr. Theiss Naturwaren Gmbh
TOOTHPASTE(TP),Dr. Wild & Co. Ag,Dr. Wild & Co. Ag
TOOTHPASTE(TP),El Israa Co,El Israa Co
TOOTHPASTE(TP),Esi S.P.A.,Esi S.P.A.
TOOTHPASTE(TP),Eva Cosmetics,Eva Cosmetics
TOOTHPASTE(TP),Farmaceutici Dottor Ciccarelli Spa,Farmaceutici Dottor Ciccarelli Spa
TOOTHPASTE(TP),Glaxosmithkline,Glaxosmithkline
TOOTHPASTE(TP),Glaxosmithkline Plc,Glaxosmithkline
TOOTHPASTE(TP),Greater Poly Manufacturing Company Limit,Greater Poly Manufacturing Company Limit
TOOTHPASTE(TP),Henkel Ag & Co Kgaa,Henkel Ag & Co. Kgaa
TOOTHPASTE(TP),Henkel Ag & Co. Kgaa,Henkel Ag & Co. Kgaa
TOOTHPASTE(TP),Hi Care Co,Hi Care Co
TOOTHPASTE(TP),High Ridge Brands Co.,High Ridge Brands Co.
TOOTHPASTE(TP),Himalaya Herbals,Himalaya Herbals
TOOTHPASTE(TP),K.P.Namboodiris Ayurvedics,K.P.Namboodiris Ayurvedics
TOOTHPASTE(TP),Kibaa Co,Kibaa Co
TOOTHPASTE(TP),Laboratories Sante Beaute,Laboratories Sante Beaute
TOOTHPASTE(TP),Lotus Brands Inc.,Lotus Brands Inc.
TOOTHPASTE(TP),Miswak Utama,Miswak Utama
TOOTHPASTE(TP),My Way Group,My Way Group
TOOTHPASTE(TP),Natura Siberica,Natura Siberica
TOOTHPASTE(TP),Optima Health&Nutrition,Optima Health&Nutrition
TOOTHPASTE(TP),Optimal Medics Sarl,Optimal Medics SARL
TOOTHPASTE(TP),Others,Others
TOOTHPASTE(TP),Pierre Fabre Laboratory,Pierre Fabre Laboratory
TOOTHPASTE(TP),Procter & Gamble,Procter & Gamble
TOOTHPASTE(TP),Pt Lion Wings,Pt Lion Wings
TOOTHPASTE(TP),Purity Laboratories Ltd,Purity Laboratories Ltd
TOOTHPASTE(TP),Sunstar Americas Inc.,Sunstar Americas Inc.
TOOTHPASTE(TP),The Himalaya Drug Co,The Himalaya Drug Co
TOOTHPASTE(TP),Top Pharma Co,Top Pharma Co
TOOTHPASTE(TP),Total,Total
TOOTHPASTE(TP),Unilever,Unilever
TOOTHPASTE(TP),Utradent Products Inc,Utradent Products Inc
TOOTHPASTE,Al Israa,Al Israa
TOOTHPASTE,Anchor Health And Beauty Care Pvt. Ltd.,Anchor Health And Beauty Care Pvt. Ltd.
TOOTHPASTE,Ansar Harford Co.,Ansar Harford Co.
TOOTHPASTE,Astera,Astera
TOOTHPASTE,Bolton Group,Bolton Group
TOOTHPASTE,Church & Dwight Co,Church & Dwight Co
TOOTHPASTE,Colgate Palmolive,Colgate Palmolive
TOOTHPASTE,Coswell Spa,Coswell Spa
TOOTHPASTE,Dabur India Ltd,Dabur India Ltd
TOOTHPASTE,Dental-Kosmetik Gmbh & Co.,Dental-Kosmetik Gmbh & Co.
TOOTHPASTE,Dr Organic Limited,Dr Organic Limited
TOOTHPASTE,Dr. Theiss Naturwaren Gmbh,Dr. Theiss Naturwaren Gmbh
TOOTHPASTE,Dr. Wild & Co. Ag,Dr. Wild & Co. Ag
TOOTHPASTE,El Israa Co,El Israa Co
TOOTHPASTE,Esi S.P.A.,Esi S.P.A.
TOOTHPASTE,Eva Cosmetics,Eva Cosmetics
TOOTHPASTE,Farmaceutici Dottor Ciccarelli Spa,Farmaceutici Dottor Ciccarelli Spa
TOOTHPASTE,Glaxosmithkline,Glaxosmithkline
TOOTHPASTE,Glaxosmithkline Plc,Glaxosmithkline
TOOTHPASTE,Greater Poly Manufacturing Company Limit,Greater Poly Manufacturing Company Limit
TOOTHPASTE,Henkel Ag & Co Kgaa,Henkel Ag & Co. Kgaa
TOOTHPASTE,Henkel Ag & Co. Kgaa,Henkel Ag & Co. Kgaa
TOOTHPASTE,Hi Care Co,Hi Care Co
TOOTHPASTE,High Ridge Brands Co.,High Ridge Brands Co.
TOOTHPASTE,Himalaya Herbals,Himalaya Herbals
TOOTHPASTE,K.P.Namboodiris Ayurvedics,K.P.Namboodiris Ayurvedics
TOOTHPASTE,Kibaa Co,Kibaa Co
TOOTHPASTE,Laboratories Sante Beaute,Laboratories Sante Beaute
TOOTHPASTE,Lotus Brands Inc.,Lotus Brands Inc.
TOOTHPASTE,Miswak Utama,Miswak Utama
TOOTHPASTE,My Way Group,My Way Group
TOOTHPASTE,Natura Siberica,Natura Siberica
TOOTHPASTE,Optima Health&Nutrition,Optima Health&Nutrition
TOOTHPASTE,Optimal Medics Sarl,Optimal Medics SARL
TOOTHPASTE,Others,Others
TOOTHPASTE,Pierre Fabre Laboratory,Pierre Fabre Laboratory
TOOTHPASTE,Procter & Gamble,Procter & Gamble
TOOTHPASTE,Pt Lion Wings,Pt Lion Wings
TOOTHPASTE,Purity Laboratories Ltd,Purity Laboratories Ltd
TOOTHPASTE,Sunstar Americas Inc.,Sunstar Americas Inc.
TOOTHPASTE,The Himalaya Drug Co,The Himalaya Drug Co
TOOTHPASTE,Top Pharma Co,Top Pharma Co
TOOTHPASTE,Total,Total
TOOTHPASTE,Unilever,Unilever
TOOTHPASTE,Utradent Products Inc,Utradent Products Inc
TOTAL TOILET SOAP & SHOWER GEL,Abc International Ltd,Abc International Ltd.
TOTAL TOILET SOAP & SHOWER GEL,Abc International Ltd.,Abc International Ltd.
TOTAL TOILET SOAP & SHOWER GEL,Adco/abco Group - Alexandria Detergents,Adco/Abco Group - Alexandria Detergents
TOTAL TOILET SOAP & SHOWER GEL,Al Methaleiah Est,Al Methaleiah Est
TOTAL TOILET SOAP & SHOWER GEL,Arma Group,Arma Group
TOTAL TOILET SOAP & SHOWER GEL,Avalon Pharma,Avalon Pharma
TOTAL TOILET SOAP & SHOWER GEL,Beiersdorf,Beiersdorf Co
TOTAL TOILET SOAP & SHOWER GEL,Colgate Palmolive,Colgate Palmolive
TOTAL TOILET SOAP & SHOWER GEL,Cussons,Cussons
TOTAL TOILET SOAP & SHOWER GEL,Easy Care Co,Easy Care Co
TOTAL TOILET SOAP & SHOWER GEL,Emirates National Oil Co.ltd(enoc) Llc,Emirates National Oil Co.Ltd(enoc) LLC
TOTAL TOILET SOAP & SHOWER GEL,Evyap,Evyap
TOTAL TOILET SOAP & SHOWER GEL,Expanscience Laboratoires,Expanscience Laboratoires
TOTAL TOILET SOAP & SHOWER GEL,Galderma Laboratories,Galderma Laboratories
TOTAL TOILET SOAP & SHOWER GEL,Galderma Labs,Galderma Laboratories
TOTAL TOILET SOAP & SHOWER GEL,Gojo Industries Inc,Gojo Industries Inc.
TOTAL TOILET SOAP & SHOWER GEL,Gojo Industries Inc.,Gojo Industries Inc.
TOTAL TOILET SOAP & SHOWER GEL,Green Cross Inc.,Green Cross Inc.
TOTAL TOILET SOAP & SHOWER GEL,Hamoudeh Industrial And Trading Est,Hamoudeh Industrial And Trading
TOTAL TOILET SOAP & SHOWER GEL,Henkel,Henkel Ag & Co. Kgaa
TOTAL TOILET SOAP & SHOWER GEL,Henkel Ag & Co. Kgaa,Henkel Ag & Co. Kgaa
TOTAL TOILET SOAP & SHOWER GEL,Households & Toiletries Manufacturing Co,Households & Toiletries Manufacturing Co
TOTAL TOILET SOAP & SHOWER GEL,Iffco,Iffco
TOTAL TOILET SOAP & SHOWER GEL,Indevco Group,Indevco Group
TOTAL TOILET SOAP & SHOWER GEL,Johnson & Johnson,Johnson & Johnson
TOTAL TOILET SOAP & SHOWER GEL,Johnson & Johnson Limited,Johnson & Johnson
TOTAL TOILET SOAP & SHOWER GEL,Joseph B. Amatoury S.A.R.L,Joseph B. Amatoury S.A.R.L
TOTAL TOILET SOAP & SHOWER GEL,Kamena Co.,Kamena Co.
TOTAL TOILET SOAP & SHOWER GEL,Khobates Industries Sdn Bhd,Khobates Industries Sdn Bhd
TOTAL TOILET SOAP & SHOWER GEL,Layan Co.For Chemicals,Layan Co.For Chemicals
TOTAL TOILET SOAP & SHOWER GEL,L'Oreal,L'Oreal
TOTAL TOILET SOAP & SHOWER GEL,Modern Arabian Crystal Industries Co.,Modern Arabian Crystal Industries Co.
TOTAL TOILET SOAP & SHOWER GEL,My Way Group,My Way Group
TOTAL TOILET SOAP & SHOWER GEL,Najmat Al Mufeedh Trading Est,Najmat Al Mufeedh Trading Est
TOTAL TOILET SOAP & SHOWER GEL,Natural S.a.r.l.,Natural S.A.R.L.
TOTAL TOILET SOAP & SHOWER GEL,Nazih Group Uae,Nazih Group
TOTAL TOILET SOAP & SHOWER GEL,Optimal Medics Sarl,Optimal Medics SARL
TOTAL TOILET SOAP & SHOWER GEL,Others,Others
TOTAL TOILET SOAP & SHOWER GEL,P.T Sayp Mas Utama,P.T Sayp Mas Utama
TOTAL TOILET SOAP & SHOWER GEL,Premier Cosmetics,Premier Cosmetics
TOTAL TOILET SOAP & SHOWER GEL,Reckitt Benckiser,Reckitt Benckiser
TOTAL TOILET SOAP & SHOWER GEL,Reckitt Benckiser Group Plc,Reckitt Benckiser
TOTAL TOILET SOAP & SHOWER GEL,Reckitt Benckiser Group Plc.,Reckitt Benckiser
TOTAL TOILET SOAP & SHOWER GEL,Sadapack Co.,Sadapack Co.
TOTAL TOILET SOAP & SHOWER GEL,Safco For Detergents Ksa,Safco For Detergents KSA
TOTAL TOILET SOAP & SHOWER GEL,Seba Pharm.,Seba Pharm.
TOTAL TOILET SOAP & SHOWER GEL,Sidco(saudi Ind.det),Sidco(saudi Ind.det)
TOTAL TOILET SOAP & SHOWER GEL,Spartan Chemical Company Inc,Spartan Chemical Company Inc
TOTAL TOILET SOAP & SHOWER GEL,Taher Al Masri / Nablus,Taher Al Masri / Nablus
TOTAL TOILET SOAP & SHOWER GEL,Total,Total
TOTAL TOILET SOAP & SHOWER GEL,Unilever,Unilever
TOTAL TOILET SOAP & SHOWER GEL,Wings Corporation Indonesia,Wings Corporation Indonesia
TOTAL TOILET SOAP & SHOWER GEL,Yardley,Yardley
TOTAL TOILET SOAP & SHOWER GEL,WIPRO UNZA HOLDINGS,Wipro Unza Holdings
TOTAL TOILET SOAP & SHOWER GEL,TREND INTERNATIONAL,Trend International
TOTAL TOILET SOAP & SHOWER GEL,HENKEL AG & CO KGAA,Henkel Ag & Co. Kgaa
TOTAL TOILET SOAP & SHOWER GEL,SAUDI PERFUME&COSMETIC INDUSTRY,Saudi Perfume&cosmetic Industry
TOTAL TOILET SOAP & SHOWER GEL,EGO PHARMACEUTICALS,Ego Pharmaceuticals
TOTAL TOILET SOAP & SHOWER GEL,Hamoudeh Industrial And Trading,Hamoudeh Industrial And Trading
TOTAL TOILET SOAP & SHOWER GEL,Beiersdorf Co,Beiersdorf Co
Any Toilet SpSh.Gels,Abc International Ltd,Abc International Ltd.
Any Toilet SpSh.Gels,Abc International Ltd.,Abc International Ltd.
Any Toilet SpSh.Gels,Adco/abco Group - Alexandria Detergents,Adco/Abco Group - Alexandria Detergents
Any Toilet SpSh.Gels,Al Methaleiah Est,Al Methaleiah Est
Any Toilet SpSh.Gels,Arma Group,Arma Group
Any Toilet SpSh.Gels,Avalon Pharma,Avalon Pharma
Any Toilet SpSh.Gels,Beiersdorf,Beiersdorf Co
Any Toilet SpSh.Gels,Colgate Palmolive,Colgate Palmolive
Any Toilet SpSh.Gels,Cussons,Cussons
Any Toilet SpSh.Gels,Easy Care Co,Easy Care Co
Any Toilet SpSh.Gels,Emirates National Oil Co.ltd(enoc) Llc,Emirates National Oil Co.Ltd(enoc) LLC
Any Toilet SpSh.Gels,Evyap,Evyap
Any Toilet SpSh.Gels,Expanscience Laboratoires,Expanscience Laboratoires
Any Toilet SpSh.Gels,Galderma Laboratories,Galderma Laboratories
Any Toilet SpSh.Gels,Galderma Labs,Galderma Laboratories
Any Toilet SpSh.Gels,Gojo Industries Inc,Gojo Industries Inc.
Any Toilet SpSh.Gels,Gojo Industries Inc.,Gojo Industries Inc.
Any Toilet SpSh.Gels,Green Cross Inc.,Green Cross Inc.
Any Toilet SpSh.Gels,Hamoudeh Industrial And Trading Est,Hamoudeh Industrial And Trading
Any Toilet SpSh.Gels,Henkel,Henkel Ag & Co. Kgaa
Any Toilet SpSh.Gels,Henkel Ag & Co. Kgaa,Henkel Ag & Co. Kgaa
Any Toilet SpSh.Gels,Households & Toiletries Manufacturing Co,Households & Toiletries Manufacturing Co
Any Toilet SpSh.Gels,Iffco,Iffco
Any Toilet SpSh.Gels,Indevco Group,Indevco Group
Any Toilet SpSh.Gels,Johnson & Johnson,Johnson & Johnson
Any Toilet SpSh.Gels,Johnson & Johnson Limited,Johnson & Johnson
Any Toilet SpSh.Gels,Joseph B. Amatoury S.A.R.L,Joseph B. Amatoury S.A.R.L
Any Toilet SpSh.Gels,Kamena Co.,Kamena Co.
Any Toilet SpSh.Gels,Khobates Industries Sdn Bhd,Khobates Industries Sdn Bhd
Any Toilet SpSh.Gels,Layan Co.For Chemicals,Layan Co.For Chemicals
Any Toilet SpSh.Gels,L'Oreal,L'Oreal
Any Toilet SpSh.Gels,Modern Arabian Crystal Industries Co.,Modern Arabian Crystal Industries Co.
Any Toilet SpSh.Gels,My Way Group,My Way Group
Any Toilet SpSh.Gels,Najmat Al Mufeedh Trading Est,Najmat Al Mufeedh Trading Est
Any Toilet SpSh.Gels,Natural S.a.r.l.,Natural S.A.R.L.
Any Toilet SpSh.Gels,Nazih Group Uae,Nazih Group
Any Toilet SpSh.Gels,Optimal Medics Sarl,Optimal Medics SARL
Any Toilet SpSh.Gels,Others,Others
Any Toilet SpSh.Gels,P.T Sayp Mas Utama,P.T Sayp Mas Utama
Any Toilet SpSh.Gels,Premier Cosmetics,Premier Cosmetics
Any Toilet SpSh.Gels,Reckitt Benckiser,Reckitt Benckiser
Any Toilet SpSh.Gels,Reckitt Benckiser Group Plc,Reckitt Benckiser
Any Toilet SpSh.Gels,Reckitt Benckiser Group Plc.,Reckitt Benckiser
Any Toilet SpSh.Gels,Sadapack Co.,Sadapack Co.
Any Toilet SpSh.Gels,Safco For Detergents Ksa,Safco For Detergents KSA
Any Toilet SpSh.Gels,Seba Pharm.,Seba Pharm.
Any Toilet SpSh.Gels,Sidco(saudi Ind.det),Sidco(saudi Ind.det)
Any Toilet SpSh.Gels,Spartan Chemical Company Inc,Spartan Chemical Company Inc
Any Toilet SpSh.Gels,Taher Al Masri / Nablus,Taher Al Masri / Nablus
Any Toilet SpSh.Gels,Total,Total
Any Toilet SpSh.Gels,Unilever,Unilever
Any Toilet SpSh.Gels,Wings Corporation Indonesia,Wings Corporation Indonesia
Any Toilet SpSh.Gels,Yardley,Yardley
Any Toilet SpSh.Gels,WIPRO UNZA HOLDINGS,Wipro Unza Holdings
Any Toilet SpSh.Gels,TREND INTERNATIONAL,Trend International
Any Toilet SpSh.Gels,HENKEL AG & CO KGAA,Henkel Ag & Co. Kgaa
Any Toilet SpSh.Gels,SAUDI PERFUME&COSMETIC INDUSTRY,Saudi Perfume&cosmetic Industry
Any Toilet SpSh.Gels,EGO PHARMACEUTICALS,Ego Pharmaceuticals
Any Toilet SpSh.Gels,Hamoudeh Industrial And Trading,Hamoudeh Industrial And Trading
Any Toilet SpSh.Gels,Beiersdorf Co,Beiersdorf Co
SKIN CLEANSING,Abc International Ltd,Abc International Ltd.
SKIN CLEANSING,Abc International Ltd.,Abc International Ltd.
SKIN CLEANSING,Adco/abco Group - Alexandria Detergents,Adco/Abco Group - Alexandria Detergents
SKIN CLEANSING,Al Methaleiah Est,Al Methaleiah Est
SKIN CLEANSING,Arma Group,Arma Group
SKIN CLEANSING,Avalon Pharma,Avalon Pharma
SKIN CLEANSING,Beiersdorf,Beiersdorf Co
SKIN CLEANSING,Colgate Palmolive,Colgate Palmolive
SKIN CLEANSING,Cussons,Cussons
SKIN CLEANSING,Easy Care Co,Easy Care Co
SKIN CLEANSING,Emirates National Oil Co.ltd(enoc) Llc,Emirates National Oil Co.Ltd(enoc) LLC
SKIN CLEANSING,Evyap,Evyap
SKIN CLEANSING,Expanscience Laboratoires,Expanscience Laboratoires
SKIN CLEANSING,Galderma Laboratories,Galderma Laboratories
SKIN CLEANSING,Galderma Labs,Galderma Laboratories
SKIN CLEANSING,Gojo Industries Inc,Gojo Industries Inc.
SKIN CLEANSING,Gojo Industries Inc.,Gojo Industries Inc.
SKIN CLEANSING,Green Cross Inc.,Green Cross Inc.
SKIN CLEANSING,Hamoudeh Industrial And Trading Est,Hamoudeh Industrial And Trading
SKIN CLEANSING,Henkel,Henkel Ag & Co. Kgaa
SKIN CLEANSING,Henkel Ag & Co. Kgaa,Henkel Ag & Co. Kgaa
SKIN CLEANSING,Households & Toiletries Manufacturing Co,Households & Toiletries Manufacturing Co
SKIN CLEANSING,Iffco,Iffco
SKIN CLEANSING,Indevco Group,Indevco Group
SKIN CLEANSING,Johnson & Johnson,Johnson & Johnson
SKIN CLEANSING,Johnson & Johnson Limited,Johnson & Johnson
SKIN CLEANSING,Joseph B. Amatoury S.A.R.L,Joseph B. Amatoury S.A.R.L
SKIN CLEANSING,Kamena Co.,Kamena Co.
SKIN CLEANSING,Khobates Industries Sdn Bhd,Khobates Industries Sdn Bhd
SKIN CLEANSING,Layan Co.For Chemicals,Layan Co.For Chemicals
SKIN CLEANSING,L'Oreal,L'Oreal
SKIN CLEANSING,Modern Arabian Crystal Industries Co.,Modern Arabian Crystal Industries Co.
SKIN CLEANSING,My Way Group,My Way Group
SKIN CLEANSING,Najmat Al Mufeedh Trading Est,Najmat Al Mufeedh Trading Est
SKIN CLEANSING,Natural S.a.r.l.,Natural S.A.R.L.
SKIN CLEANSING,Nazih Group Uae,Nazih Group
SKIN CLEANSING,Optimal Medics Sarl,Optimal Medics SARL
SKIN CLEANSING,Others,Others
SKIN CLEANSING,P.T Sayp Mas Utama,P.T Sayp Mas Utama
SKIN CLEANSING,Premier Cosmetics,Premier Cosmetics
SKIN CLEANSING,Reckitt Benckiser,Reckitt Benckiser
SKIN CLEANSING,Reckitt Benckiser Group Plc,Reckitt Benckiser
SKIN CLEANSING,Reckitt Benckiser Group Plc.,Reckitt Benckiser
SKIN CLEANSING,Sadapack Co.,Sadapack Co.
SKIN CLEANSING,Safco For Detergents Ksa,Safco For Detergents KSA
SKIN CLEANSING,Seba Pharm.,Seba Pharm.
SKIN CLEANSING,Sidco(saudi Ind.det),Sidco(saudi Ind.det)
SKIN CLEANSING,Spartan Chemical Company Inc,Spartan Chemical Company Inc
SKIN CLEANSING,Taher Al Masri / Nablus,Taher Al Masri / Nablus
SKIN CLEANSING,Total,Total
SKIN CLEANSING,Unilever,Unilever
SKIN CLEANSING,Wings Corporation Indonesia,Wings Corporation Indonesia
SKIN CLEANSING,Yardley,Yardley
SKIN CLEANSING,WIPRO UNZA HOLDINGS,Wipro Unza Holdings
SKIN CLEANSING,TREND INTERNATIONAL,Trend International
SKIN CLEANSING,HENKEL AG & CO KGAA,Henkel Ag & Co. Kgaa
SKIN CLEANSING,SAUDI PERFUME&COSMETIC INDUSTRY,Saudi Perfume&cosmetic Industry
SKIN CLEANSING,EGO PHARMACEUTICALS,Ego Pharmaceuticals
SKIN CLEANSING,Hamoudeh Industrial And Trading,Hamoudeh Industrial And Trading
SKIN CLEANSING,Beiersdorf Co,Beiersdorf Co
TOTAL SKIN CLEANSING,Abc International Ltd,Abc International Ltd.
TOTAL SKIN CLEANSING,Abc International Ltd.,Abc International Ltd.
TOTAL SKIN CLEANSING,Adco/abco Group - Alexandria Detergents,Adco/Abco Group - Alexandria Detergents
TOTAL SKIN CLEANSING,Al Methaleiah Est,Al Methaleiah Est
TOTAL SKIN CLEANSING,Arma Group,Arma Group
TOTAL SKIN CLEANSING,Avalon Pharma,Avalon Pharma
TOTAL SKIN CLEANSING,Beiersdorf,Beiersdorf Co
TOTAL SKIN CLEANSING,Colgate Palmolive,Colgate Palmolive
TOTAL SKIN CLEANSING,Cussons,Cussons
TOTAL SKIN CLEANSING,Easy Care Co,Easy Care Co
TOTAL SKIN CLEANSING,Emirates National Oil Co.ltd(enoc) Llc,Emirates National Oil Co.Ltd(enoc) LLC
TOTAL SKIN CLEANSING,Evyap,Evyap
TOTAL SKIN CLEANSING,Expanscience Laboratoires,Expanscience Laboratoires
TOTAL SKIN CLEANSING,Galderma Laboratories,Galderma Laboratories
TOTAL SKIN CLEANSING,Galderma Labs,Galderma Laboratories
TOTAL SKIN CLEANSING,Gojo Industries Inc,Gojo Industries Inc.
TOTAL SKIN CLEANSING,Gojo Industries Inc.,Gojo Industries Inc.
TOTAL SKIN CLEANSING,Green Cross Inc.,Green Cross Inc.
TOTAL SKIN CLEANSING,Hamoudeh Industrial And Trading Est,Hamoudeh Industrial And Trading
TOTAL SKIN CLEANSING,Henkel,Henkel Ag & Co. Kgaa
TOTAL SKIN CLEANSING,Henkel Ag & Co. Kgaa,Henkel Ag & Co. Kgaa
TOTAL SKIN CLEANSING,Households & Toiletries Manufacturing Co,Households & Toiletries Manufacturing Co
TOTAL SKIN CLEANSING,Iffco,Iffco
TOTAL SKIN CLEANSING,Indevco Group,Indevco Group
TOTAL SKIN CLEANSING,Johnson & Johnson,Johnson & Johnson
TOTAL SKIN CLEANSING,Johnson & Johnson Limited,Johnson & Johnson
TOTAL SKIN CLEANSING,Joseph B. Amatoury S.A.R.L,Joseph B. Amatoury S.A.R.L
TOTAL SKIN CLEANSING,Kamena Co.,Kamena Co.
TOTAL SKIN CLEANSING,Khobates Industries Sdn Bhd,Khobates Industries Sdn Bhd
TOTAL SKIN CLEANSING,Layan Co.For Chemicals,Layan Co.For Chemicals
TOTAL SKIN CLEANSING,L'Oreal,L'Oreal
TOTAL SKIN CLEANSING,Modern Arabian Crystal Industries Co.,Modern Arabian Crystal Industries Co.
TOTAL SKIN CLEANSING,My Way Group,My Way Group
TOTAL SKIN CLEANSING,Najmat Al Mufeedh Trading Est,Najmat Al Mufeedh Trading Est
TOTAL SKIN CLEANSING,Natural S.a.r.l.,Natural S.A.R.L.
TOTAL SKIN CLEANSING,Nazih Group Uae,Nazih Group
TOTAL SKIN CLEANSING,Optimal Medics Sarl,Optimal Medics SARL
TOTAL SKIN CLEANSING,Others,Others
TOTAL SKIN CLEANSING,P.T Sayp Mas Utama,P.T Sayp Mas Utama
TOTAL SKIN CLEANSING,Premier Cosmetics,Premier Cosmetics
TOTAL SKIN CLEANSING,Reckitt Benckiser,Reckitt Benckiser
TOTAL SKIN CLEANSING,Reckitt Benckiser Group Plc,Reckitt Benckiser
TOTAL SKIN CLEANSING,Reckitt Benckiser Group Plc.,Reckitt Benckiser
TOTAL SKIN CLEANSING,Sadapack Co.,Sadapack Co.
TOTAL SKIN CLEANSING,Safco For Detergents Ksa,Safco For Detergents KSA
TOTAL SKIN CLEANSING,Seba Pharm.,Seba Pharm.
TOTAL SKIN CLEANSING,Sidco(saudi Ind.det),Sidco(saudi Ind.det)
TOTAL SKIN CLEANSING,Spartan Chemical Company Inc,Spartan Chemical Company Inc
TOTAL SKIN CLEANSING,Taher Al Masri / Nablus,Taher Al Masri / Nablus
TOTAL SKIN CLEANSING,Total,Total
TOTAL SKIN CLEANSING,Unilever,Unilever
TOTAL SKIN CLEANSING,Wings Corporation Indonesia,Wings Corporation Indonesia
TOTAL SKIN CLEANSING,Yardley,Yardley
TOTAL SKIN CLEANSING,WIPRO UNZA HOLDINGS,Wipro Unza Holdings
TOTAL SKIN CLEANSING,TREND INTERNATIONAL,Trend International
TOTAL SKIN CLEANSING,HENKEL AG & CO KGAA,Henkel Ag & Co. Kgaa
TOTAL SKIN CLEANSING,SAUDI PERFUME&COSMETIC INDUSTRY,Saudi Perfume&cosmetic Industry
TOTAL SKIN CLEANSING,EGO PHARMACEUTICALS,Ego Pharmaceuticals
TOTAL SKIN CLEANSING,Hamoudeh Industrial And Trading,Hamoudeh Industrial And Trading
TOTAL SKIN CLEANSING,Beiersdorf Co,Beiersdorf Co
TOILET SOAP,Abc International Ltd,Abc International Ltd.
TOILET SOAP,Abc International Ltd.,Abc International Ltd.
TOILET SOAP,Adco/abco Group - Alexandria Detergents,Adco/Abco Group - Alexandria Detergents
TOILET SOAP,Al Methaleiah Est,Al Methaleiah Est
TOILET SOAP,Arma Group,Arma Group
TOILET SOAP,Avalon Pharma,Avalon Pharma
TOILET SOAP,Beiersdorf,Beiersdorf Co
TOILET SOAP,Colgate Palmolive,Colgate Palmolive
TOILET SOAP,Cussons,Cussons
TOILET SOAP,Easy Care Co,Easy Care Co
TOILET SOAP,Emirates National Oil Co.ltd(enoc) Llc,Emirates National Oil Co.Ltd(enoc) LLC
TOILET SOAP,Evyap,Evyap
TOILET SOAP,Expanscience Laboratoires,Expanscience Laboratoires
TOILET SOAP,Galderma Laboratories,Galderma Laboratories
TOILET SOAP,Galderma Labs,Galderma Laboratories
TOILET SOAP,Gojo Industries Inc,Gojo Industries Inc.
TOILET SOAP,Gojo Industries Inc.,Gojo Industries Inc.
TOILET SOAP,Green Cross Inc.,Green Cross Inc.
TOILET SOAP,Hamoudeh Industrial And Trading Est,Hamoudeh Industrial And Trading
TOILET SOAP,Henkel,Henkel Ag & Co. Kgaa
TOILET SOAP,Henkel Ag & Co. Kgaa,Henkel Ag & Co. Kgaa
TOILET SOAP,Households & Toiletries Manufacturing Co,Households & Toiletries Manufacturing Co
TOILET SOAP,Iffco,Iffco
TOILET SOAP,Indevco Group,Indevco Group
TOILET SOAP,Johnson & Johnson,Johnson & Johnson
TOILET SOAP,Johnson & Johnson Limited,Johnson & Johnson
TOILET SOAP,Joseph B. Amatoury S.A.R.L,Joseph B. Amatoury S.A.R.L
TOILET SOAP,Kamena Co.,Kamena Co.
TOILET SOAP,Khobates Industries Sdn Bhd,Khobates Industries Sdn Bhd
TOILET SOAP,Layan Co.For Chemicals,Layan Co.For Chemicals
TOILET SOAP,L'Oreal,L'Oreal
TOILET SOAP,Modern Arabian Crystal Industries Co.,Modern Arabian Crystal Industries Co.
TOILET SOAP,My Way Group,My Way Group
TOILET SOAP,Najmat Al Mufeedh Trading Est,Najmat Al Mufeedh Trading Est
TOILET SOAP,Natural S.a.r.l.,Natural S.A.R.L.
TOILET SOAP,Nazih Group Uae,Nazih Group
TOILET SOAP,Optimal Medics Sarl,Optimal Medics SARL
TOILET SOAP,Others,Others
TOILET SOAP,P.T Sayp Mas Utama,P.T Sayp Mas Utama
TOILET SOAP,Premier Cosmetics,Premier Cosmetics
TOILET SOAP,Reckitt Benckiser,Reckitt Benckiser
TOILET SOAP,Reckitt Benckiser Group Plc,Reckitt Benckiser
TOILET SOAP,Reckitt Benckiser Group Plc.,Reckitt Benckiser
TOILET SOAP,Sadapack Co.,Sadapack Co.
TOILET SOAP,Safco For Detergents Ksa,Safco For Detergents KSA
TOILET SOAP,Seba Pharm.,Seba Pharm.
TOILET SOAP,Sidco(saudi Ind.det),Sidco(saudi Ind.det)
TOILET SOAP,Spartan Chemical Company Inc,Spartan Chemical Company Inc
TOILET SOAP,Taher Al Masri / Nablus,Taher Al Masri / Nablus
TOILET SOAP,Total,Total
TOILET SOAP,Unilever,Unilever
TOILET SOAP,Wings Corporation Indonesia,Wings Corporation Indonesia
TOILET SOAP,Yardley,Yardley
TOILET SOAP,WIPRO UNZA HOLDINGS,Wipro Unza Holdings
TOILET SOAP,TREND INTERNATIONAL,Trend International
TOILET SOAP,HENKEL AG & CO KGAA,Henkel Ag & Co. Kgaa
TOILET SOAP,SAUDI PERFUME&COSMETIC INDUSTRY,Saudi Perfume&cosmetic Industry
TOILET SOAP,EGO PHARMACEUTICALS,Ego Pharmaceuticals
TOILET SOAP,Hamoudeh Industrial And Trading,Hamoudeh Industrial And Trading
TOILET SOAP,Beiersdorf Co,Beiersdorf Co
TOILET SOAP,KEY BRANDS SARL,Key Brands Sarl
DEODORANTS,SAPIL,Sapil
TOOTHPASTE,GSK - GLAXO SMITH KLINE,Glaxosmithkline
TOOTHPASTE,BETAFARMA S.P.A,Betafarma S.P.A
TOOTHPASTE,COSMETIQUE MEDICA,Cosmetique Medica
TOOTHPASTE,BERIC BEAUTE & BIEN-ETRE,Beric Beaute & Bien-etre
TOOTHPASTE,DABUR INDIA,Dabur India Ltd
TOOTHPASTE,SUNSTAR GROUP,Sunstar Americas Inc.
TOOTHPASTE,THE HIMALAYA DRUG COMPANY,The Himalaya Drug Co
TOOTHPASTE,XTRADIS,Xtradis
TOOTHPASTE,YANGZHOU HENGYUAN DAILY CHEMICAL PLASTIC,Yangzhou Hengyuan Daily Chemical Plastic
TOOTHPASTE,KIN LABORATORY,Kin Laboratory
TOOTHPASTE,PIERRE FABRE,Pierre Fabre Laboratory
TOTAL HOUSE HOLD CLEANERS,SIDCO(SAUDI IND.DET),Sidco(saudi Ind.det)
TOTAL HOUSE HOLD CLEANERS,ACDOCO LTD.,Acdoco Ltd.
TOTAL HOUSE HOLD CLEANERS,KOVAN GIDA VE IHTIYAC MADDELERI TIC.LTD.,Kovan Gida Ve Ihtiyac Maddeleri Tic.ltd.
TOTAL HOUSE HOLD CLEANERS,ALRAHDEN,Alrahden
HAND & BODY,AMMONDO GMBH,Ammondo Gmbh
HAND & BODY,BAYER,Bayer
FABRIC SENSATIONS,ROBERT MCBRIDE LTD,Robert Mcbride Ltd
FABRIC SENSATIONS,COLGATE PALMOLIVE,Colgate Palmolive
FABRIC SENSATIONS,ACDOCO LTD.,Acdoco Ltd.
FACE CARE,AVALON PHARMA,Avalon Pharma
FACE CARE,REXSOL,Rexsol
TOOTHPASTE(TP),LION CORPORATION (S) PTE LTD,Lion Corporation
DEODORANT,LOreal,L'Oreal
DEODORANTS,LOreal,L'Oreal
DEODORANTS(DEO),LOreal,L'Oreal
TOTAL SKIN CLEANSING,PERFECT COSMETICS UAE,Perfect Cosmetics
DEODORANTS(DEO),Natural Co,Natural S.A.R.L.
FACE CARE,NIP + FAB,Nip and Fab Ltd
FACE CARE,OBAGI MEDICAL PRODUCTS INC.,Obagi Medical Products Inc.
FACE CARE,SKIN CEUTICALS,Skin Ceuticals
TOTAL TOILET SOAP & SHOWER GEL,LEADER CO,Leader Co
TOTAL TOILET SOAP & SHOWER GEL,FRIDAL CO,Fridal Co
DEODORANTS,LABORATOIRES DERMATOLOGIQUES D'URIAGE,Laboratoires Dermatologiques D'uriage
DEODORANT,MAURER + WIRTZ GMBH & CO. KG,Maurer&Wirtz Parfums Gmbh
DEODORANT,BOLTON GROUP,Bolton Group
DEODORANT,DERMA PHARMA,Derma Pharma
DEODORANT,RIEMANN A/S KRAKASVEJ,Riemann A/s Krakasvej
DEODORANT,LOUIS WIDMER SA,Louis Widmer
FABRIC SENSATIONS,SIDCO,Sidco(saudi Ind.det)
TOOTHPASTE&MOUTHWASHES,GSK - GLAXO SMITH KLINE,Glaxosmithkline
TOOTHPASTE&MOUTHWASHES,BETAFARMA S.P.A,Betafarma S.P.A
TOOTHPASTE&MOUTHWASHES,COSMETIQUE MEDICA,Cosmetique Medica
TOOTHPASTE&MOUTHWASHES,BERIC BEAUTE & BIEN-ETRE,Beric Beaute & Bien-etre
TOOTHPASTE&MOUTHWASHES,DABUR INDIA,Dabur India Ltd
TOOTHPASTE&MOUTHWASHES,SUNSTAR GROUP,Sunstar Americas Inc.
TOOTHPASTE&MOUTHWASHES,THE HIMALAYA DRUG COMPANY,The Himalaya Drug Co
TOOTHPASTE&MOUTHWASHES,XTRADIS,Xtradis
TOOTHPASTE&MOUTHWASHES,YANGZHOU HENGYUAN DAILY CHEMICAL PLASTIC,Yangzhou Hengyuan Daily Chemical Plastic
TOOTHPASTE&MOUTHWASHES,KIN LABORATORY,Kin Laboratory
TOOTHPASTE&MOUTHWASHES,PIERRE FABRE,Pierre Fabre Laboratory
TOOTHPASTE & MOUTHWASH,DR.WILD & CO,Dr. Wild & Co
TOOTHPASTE & MOUTHWASH,NORWEGIAN JORDAN NORWAY,Norwegian Jordan Norway
TOTAL DETERGENTS,EL MSRYA EL MOTAHEDA FOR OIL AND SOUP,El Msrya El Motaheda For Oil And Soup
TOTAL DETERGENTS,MOHAMED SAAD CO,Mohamed Saad Co
TOTAL DETERGENTS,NILE OILS&DETERGENTS CO,Nile Oils & Detergents Co
TOTAL DETERGENTS,QUEEN CO,Queen Co
TOOTHPASTE,SUNSTAR AMERICA INC.,Sunstar Americas Inc.
TOOTHPASTE,HOUSEHOLDS & TOILETRIES MANUFACTURING CO,Households & Toiletries Manufacturing Co
TOOTHPASTE,ODOST LABORATORY,Odost Laboratory
TOOTHPASTE,SYLPHAR N.V.,Sylphar N.V.
